date,Open,High,Low,Close,Volume
01-01-2021,1.51,1.865,1.495,1.847,25722549
02-01-2021,1.847,2.012,1.752,1.799,31671064
03-01-2021,1.799,2.808,2.007,2.185,55073422
04-01-2021,2.185,2.573,2.066,2.491,59955405
05-01-2021,2.491,2.634,2.145,2.158,50555207
06-01-2021,2.158,2.628,1.895,1.925,50263975
07-01-2021,1.958,2.652,1.939,2.36,159870278
08-01-2021,2.36,3.815,2.182,3.225,206412154
09-01-2021,3.225,3.681,2.932,3.381,91906875
10-01-2021,3.381,3.762,3.165,3.471,62766977
11-01-2021,3.471,3.516,2.599,3.118,82877500
12-01-2021,3.118,3.919,3.084,3.737,73484689
13-01-2021,3.737,4.175,3.263,3.647,57994893
14-01-2021,3.647,3.791,3.246,3.326,59283112
15-01-2021,3.326,3.635,2.978,3.245,45331739
16-01-2021,3.245,3.699,3.245,3.449,68035606
17-01-2021,3.449,3.999,3.313,3.824,85407766
18-01-2021,3.824,4.153,3.621,3.798,70601713
19-01-2021,3.798,4.09,3.582,3.635,44547768
20-01-2021,3.635,3.739,3.345,3.736,46698656
21-01-2021,3.736,3.736,2.952,2.997,43834765
22-01-2021,2.997,3.504,2.576,3.329,63361382
23-01-2021,3.329,3.606,3.313,3.517,27904470
24-01-2021,3.517,3.797,3.49,3.644,32747555
25-01-2021,3.644,3.987,3.448,3.7,80055958
26-01-2021,3.7,4.099,3.687,4.031,78823456
27-01-2021,4.031,4.033,3.521,3.693,35195110
28-01-2021,3.693,3.952,3.618,3.847,31410527
29-01-2021,3.814,4.012,3.602,3.827,44053151
30-01-2021,3.839,4.325,3.789,4.218,53378198
31-01-2021,4.218,4.792,4.167,4.263,78376267
01-02-2021,4.263,4.616,4.094,4.616,39361629
02-02-2021,4.616,5.393,4.476,5.255,98755962
03-02-2021,5.255,5.783,5.077,5.736,49386327
04-02-2021,5.736,6.616,5.58,6.425,108249482
05-02-2021,6.425,7.125,6.425,6.69,92892157
06-02-2021,6.69,6.808,5.732,6.103,102365494
07-02-2021,6.103,6.9,5.758,6.689,105451103
08-02-2021,6.689,8.105,6.49,7.881,155254261
09-02-2021,7.881,8.566,7.616,7.858,121037873
10-02-2021,7.858,9.07,7.64,9.069,120679902
11-02-2021,9.069,9.695,8.793,9.236,53600048
12-02-2021,9.236,9.905,9.093,9.226,91484664
13-02-2021,9.226,9.519,8.653,8.756,91417968
14-02-2021,8.756,9.208,8.555,8.73,93500423
15-02-2021,8.73,9.304,7.77,8.842,109854635
16-02-2021,8.842,8.99,7.977,8.299,71625205
17-02-2021,8.299,8.42,7.544,8.231,89948578
18-02-2021,8.231,9.288,8.231,8.967,77306770
19-02-2021,8.967,11.54,8.562,11.49,261175711
20-02-2021,11.49,12.03,9.833,10,140264810
21-02-2021,10,11.7,9.874,11.12,137742366
22-02-2021,11.12,14.67,9.42,14.41,574136241
23-02-2021,14.41,15.83,11.67,15.21,485252846
24-02-2021,15.21,18.15,14.06,17.33,375439707
25-02-2021,17.33,17.74,13.79,13.8,364505276
26-02-2021,13.8,15.51,13.07,13.6,289687328
27-02-2021,13.6,14.78,13.03,13.19,247640940
28-02-2021,13.19,13.94,11.46,13.07,300493226
01-03-2021,13.07,16.08,13.07,14.98,306451693
02-03-2021,14.98,15.49,13.47,13.98,178549852
03-03-2021,13.98,14.76,13.77,14.13,153830742
04-03-2021,14.13,14.27,12.75,13.08,116364466
05-03-2021,13.08,13.09,12.15,12.57,90978408
06-03-2021,12.57,13.3,11.9,13.07,118851546
07-03-2021,13.07,14.01,12.72,13.85,117548176
08-03-2021,13.85,13.89,13.08,13.65,115525659
09-03-2021,13.65,15.01,13.31,14.85,134867044
10-03-2021,14.85,15.51,13.49,14.19,103150901
11-03-2021,14.19,16.31,13.69,16.01,229272516
12-03-2021,16.01,16.49,14.09,14.58,185287457
13-03-2021,14.58,15.63,13.91,15.29,145102757
14-03-2021,15.29,15.39,14.38,14.48,90232804
15-03-2021,14.45,14.33,13.11,14.16,102600692
16-03-2021,14.16,14.29,13.23,13.64,112303590
17-03-2021,13.64,14.93,14.02,14.22,94696339
18-03-2021,14.22,14.46,13.64,14.22,79074263
19-03-2021,14.22,14.47,13.88,14.14,68715211
20-03-2021,14.14,14.95,14.11,14.16,68049683
21-03-2021,14.16,14.38,13.64,14.33,64229338
22-03-2021,14.33,16.64,14.17,14.81,260995136
23-03-2021,14.81,15.21,14.06,14.16,106780662
24-03-2021,14.16,15.34,13.59,13.59,118813690
25-03-2021,13.59,13.68,12.58,13,116277943
26-03-2021,13,14.79,12.29,14.77,149987319
27-03-2021,14.77,16.81,14.74,16.47,223872587
28-03-2021,16.47,19.36,16.34,18.08,426120062
29-03-2021,18.08,19.01,17.67,18.92,216748601
30-03-2021,18.92,20.86,18.9,19.1,264028427
31-03-2021,19.1,19.81,18.06,19.42,206011018
01-04-2021,19.42,20.76,18.77,19.04,173731886
02-04-2021,19.04,19.81,18.55,19.77,131061660
03-04-2021,19.77,23.8,19.74,22.44,483057740
04-04-2021,22.44,25.53,22.04,23.81,426557980
05-04-2021,23.81,24.76,22.77,22.99,264085329
06-04-2021,22.99,25.3,21.86,25.09,320886935
07-04-2021,25.09,27.56,22.97,26.54,676846221
08-04-2021,26.54,27.94,25.65,26.99,377988327
09-04-2021,26.99,28.98,26.83,27.67,282477938
10-04-2021,27.67,28.24,25.95,26.78,270235258
11-04-2021,26.78,28.61,25.54,27.88,232938762
12-04-2021,27.88,29.86,26.81,28.5,308804546
13-04-2021,28.5,28.72,26.39,27.48,258183912
14-04-2021,27.48,27.58,24.7,26.41,342565805
15-04-2021,26.41,28.23,25.49,27.79,221346739
16-04-2021,27.79,28.23,24.92,25.33,240665351
17-04-2021,25.33,26.76,24.8,24.86,201720376
18-04-2021,24.86,32.98,21.04,32.38,1155150688
19-04-2021,32.38,35.99,29.98,31.58,1219130981
20-04-2021,31.58,32.64,28.7,31.77,793008154
21-04-2021,31.77,35.05,30.19,32.62,729130141
22-04-2021,32.62,40.72,31.58,38.87,1638622971
23-04-2021,38.87,41.15,31.46,37.21,1612232268
24-04-2021,37.21,43.63,34.69,40.82,1101380795
25-04-2021,40.82,48.54,40.46,47.59,1583800800
26-04-2021,47.59,48.5,43.37,43.96,1357487872
27-04-2021,43.96,46.59,42.58,43.26,904891996
28-04-2021,43.26,46.91,40.74,44.85,1021154320
29-04-2021,44.85,46.09,40.8,42.55,772259307
30-04-2021,42.55,44.3,41.26,42.87,534976437
01-05-2021,42.87,49.89,42.04,49.58,859524423
02-05-2021,49.58,49.95,46.03,46.91,571072187
03-05-2021,46.91,49.28,44.73,46.06,609194252
04-05-2021,46.06,47.81,42.3,42.64,682976428
05-05-2021,42.64,46.41,42.32,44.98,503781975
06-05-2021,44.98,44.98,42.62,43.51,391497018
07-05-2021,43.51,46.23,41.5,43.21,514344601
08-05-2021,43.21,46.72,42.4,45.73,451056655
09-05-2021,45.73,47.15,43.01,44.35,510603312
10-05-2021,44.35,45.95,39.05,42.94,499528076
11-05-2021,42.94,45.17,39.66,44.64,473731333
12-05-2021,44.64,49.11,41.52,42.94,1151668076
13-05-2021,42.94,45.44,37.45,41,1016860656
14-05-2021,41,44.99,39.93,42.79,504167711
15-05-2021,42.79,45.57,39.41,43.46,500445722
16-05-2021,43.46,52.43,41.89,46.85,1990976771
17-05-2021,46.85,51.91,43.18,46.65,1951921366
18-05-2021,46.65,58.36,46.11,55.98,2025388219
19-05-2021,55.98,57.59,29.55,34.96,2772224999
20-05-2021,34.96,49.9,31.33,44.42,2487748626
21-05-2021,44.42,47.73,33.65,38.91,1769762028
22-05-2021,38.91,39.99,31.2,31.28,1078751751
23-05-2021,31.28,32.38,19.19,24.53,1925832341
24-05-2021,24.53,32.22,24.53,31.45,1346786023
25-05-2021,31.45,33.19,25.99,30.08,909470305
26-05-2021,30.08,37.27,28.93,35.46,1069991365
27-05-2021,35.46,35.64,31.13,33.71,649389058
28-05-2021,33.71,34.53,27.99,29,600255582
29-05-2021,29,30.06,25.73,27.39,376859866
30-05-2021,27.39,29.76,25.64,28.6,359661704
31-05-2021,28.6,33,27.52,32.78,534826504
01-06-2021,32.78,33.29,29.86,30.98,432053117
02-06-2021,30.98,34.98,30.43,33.98,497567418
03-06-2021,33.98,41.31,33.73,39.56,960056106
04-06-2021,39.56,39.69,34.26,37.42,1056279506
05-06-2021,37.42,42.75,37.06,39.75,1112426664
06-06-2021,39.75,43.42,38.98,42.23,794387364
07-06-2021,42.23,44.19,37.93,38.28,923157614
08-06-2021,38.28,42.8,33.6,41.26,1786996802
09-06-2021,41.26,44.06,39.32,42.03,1218831041
10-06-2021,42.03,43.04,39.53,41.09,595246689
11-06-2021,41.09,41.36,35.16,36.18,518666603
12-06-2021,36.18,37.62,34.24,36.48,549070417
13-06-2021,36.48,39.39,34.73,38.72,452988674
14-06-2021,38.72,40.54,36.68,39.72,477871463
15-06-2021,39.72,41.72,39.18,39.55,605285143
16-06-2021,39.55,41.55,37.48,39.63,576016902
17-06-2021,39.63,41.21,38.22,39.22,417775600
18-06-2021,39.22,39.44,34.95,36.79,424163369
19-06-2021,36.79,37.31,34.91,35.19,264640750
20-06-2021,35.19,35.94,31.24,35.25,452587531
21-06-2021,35.25,35.47,24.12,26.65,760344541
22-06-2021,26.65,28.78,20.24,26.98,1258580061
23-06-2021,26.98,32.92,25.7,30.84,1111302687
24-06-2021,30.84,32.97,28.5,31.18,641150364
25-06-2021,31.18,32.97,27.97,28.63,632052177
26-06-2021,28.63,30.01,26.71,29.67,560342710
27-06-2021,29.67,31.92,29.21,31.87,497353288
28-06-2021,31.87,34.29,31,33,473612135
29-06-2021,33,35.86,32.7,33.94,471854279
30-06-2021,33.94,35.98,31.6,35.53,570984168
01-07-2021,35.53,35.56,32.25,33.32,474665321
02-07-2021,33.32,34.09,31.41,34,440298780
03-07-2021,34,35.38,33.26,34.5,327019964
04-07-2021,34.5,35.51,33.56,34.32,303420520
05-07-2021,34.32,34.48,32.45,32.93,313839322
06-07-2021,32.93,35.04,32.92,34.23,365336040
07-07-2021,34.23,38.1,33.85,36.72,519252659
08-07-2021,36.72,36.95,32.69,33.14,498201257
09-07-2021,33.14,34.44,31.98,33.3,327170629
10-07-2021,33.3,34.19,31.06,31.72,296566657
11-07-2021,31.72,32.56,31.39,32.19,211679810
12-07-2021,32.19,32.68,30.05,30.78,221058993
13-07-2021,30.78,31.07,28.83,29.12,197825362
14-07-2021,29.12,31.43,27.42,31.36,331866434
15-07-2021,31.36,31.49,27.99,28.55,329918376
16-07-2021,28.55,29.45,26.21,26.27,374718328
17-07-2021,26.27,27.79,26.01,26.75,289689475
18-07-2021,26.75,27.74,26.27,26.67,230336396
19-07-2021,26.67,26.7,24.01,24.5,361915410
20-07-2021,24.5,24.98,22.12,23.46,413439963
21-07-2021,23.46,27.45,22.83,26.63,555770206
22-07-2021,26.63,28.18,25.94,27.71,364666998
23-07-2021,27.71,28.7,26.41,28.51,407955237
24-07-2021,28.51,29.49,28.04,28.65,353750758
25-07-2021,28.65,28.88,26.55,28.19,309208018
26-07-2021,28.19,31.09,27.89,28.22,743673802
27-07-2021,28.22,28.98,26.93,28.14,375599550
28-07-2021,28.14,28.76,27.38,27.88,315682626
29-07-2021,27.88,31.88,27.34,31.28,448009571
30-07-2021,31.28,33.07,30,32.38,617830199
31-07-2021,32.38,36.98,31.71,36.74,587168181
01-08-2021,36.74,36.81,33.27,34.2,490639931
02-08-2021,34.2,35.91,33.02,33.19,407399691
03-08-2021,33.19,35.84,32.37,34.11,474629269
04-08-2021,34.11,36.65,33.27,35.78,413657602
05-08-2021,35.78,38.24,35.51,37.37,595137193
06-08-2021,37.37,40.4,35.67,39.52,589190671
07-08-2021,39.52,40.5,37.58,39.48,534979916
08-08-2021,39.48,39.57,36.93,37.67,358570315
09-08-2021,37.67,40.03,36.37,38.69,377034585
10-08-2021,38.69,41.67,38.23,40.68,452480699
11-08-2021,40.68,43.76,40.63,41.66,507980107
12-08-2021,41.6,41.87,39.34,41.09,527833804
13-08-2021,41.09,44.95,40.71,44.89,541894525
14-08-2021,44.89,44.9,42.77,44.16,363834257
15-08-2021,44.16,54.75,43.42,53.53,1448656564
16-08-2021,53.53,69.33,52.33,62.15,3799339365
17-08-2021,62.15,75,58.81,64.18,4043742154
18-08-2021,64.18,80.52,59.98,72.79,4507409622
19-08-2021,72.79,75.34,68.39,72.82,2467398203
20-08-2021,72.82,79.95,70.96,78.68,1844455899
21-08-2021,78.68,81.92,72.69,73.89,1513097171
22-08-2021,73.89,77.59,71.31,72.75,968933849
23-08-2021,72.75,76.74,71.6,75.66,1372134245
24-08-2021,75.66,79.4,68.68,70.67,2153611667
25-08-2021,70.67,72.78,66.2,71.94,1551240766
26-08-2021,71.94,78.29,66.28,74.85,2713050538
27-08-2021,74.85,88.87,72.65,88.11,3263988286
28-08-2021,88.11,97.86,85.65,96.38,2580080503
29-08-2021,96.38,97.82,90.66,94.29,1830344091
30-08-2021,94.29,116.31,93.79,110.17,5274104165
31-08-2021,110.17,130,103.13,108.34,7590894022
01-09-2021,108.34,119.56,106.02,110.73,3974443896
02-09-2021,110.73,132.08,109.37,128.29,5074399603
03-09-2021,128.29,148.91,128.21,146.46,7526373837
04-09-2021,146.46,150.67,136.03,139,3970422964
05-09-2021,139,144.99,134.85,142.11,2996918105
06-09-2021,142.11,166.06,137.68,164.31,5774090688
07-09-2021,164.31,194.96,131.78,173.2,17068643416
08-09-2021,173.2,197.94,146.72,191.01,13187213606
09-09-2021,191.01,215.85,179.4,187.7,12676272744
10-09-2021,187.7,197.27,168.1,179.5,7087524572
11-09-2021,179.5,193.33,174.55,179.1,5367389010
12-09-2021,179.1,181.57,167.49,174.4,3012633094
13-09-2021,174.4,174.96,150.49,169.66,6437530449
14-09-2021,169.66,171.84,142.51,158.92,5799758794
15-09-2021,158.92,166.95,153.95,158.66,3908939772
16-09-2021,158.66,163.09,147.43,152.11,3215168472
17-09-2021,152.11,153.4,134.25,147.49,4675731485
18-09-2021,147.49,171.55,144.27,169.36,5415012910
19-09-2021,169.36,170.98,150.73,152.86,3350530308
20-09-2021,152.86,153.41,130.49,132.08,5623667250
21-09-2021,132.08,144.61,116.01,124.04,5243953819
22-09-2021,124.04,151.98,122.14,148.18,4952222859
23-09-2021,148.18,152.44,143.03,150,3389212044
24-09-2021,150,151.29,128.52,139.28,3852350632
25-09-2021,139.28,144.07,133.58,136.16,2037106949
26-09-2021,136.16,140.82,124.9,135.84,2674182809
27-09-2021,135.84,148.96,133.81,136.35,2867246888
28-09-2021,136.35,139.41,128.14,132.21,2422542861
29-09-2021,132.21,140.12,131.13,135.3,2428105040
30-09-2021,135.3,142.94,134.11,141.32,2244376110
01-10-2021,141.32,165,138.31,161.67,4387488320
02-10-2021,161.67,175.03,156.24,168.99,3471658582
03-10-2021,168.99,177.73,165.63,173.06,3149579954
04-10-2021,173.06,173.11,162.29,167.21,3109040100
05-10-2021,167.21,170.2,159.92,164.63,2541087419
06-10-2021,164.63,165.48,150.33,153.92,3259712887
07-10-2021,153.93,161.52,150.32,154.35,2579187256
08-10-2021,154.29,168.88,152.44,158.83,2781848650
09-10-2021,158.83,161.56,154.42,156.82,1522023824
10-10-2021,156.82,158.49,145.84,147.67,1556965341
11-10-2021,147.67,154,140.31,144.92,1851795187
12-10-2021,144.92,153.44,137.7,152.43,2853992440
13-10-2021,152.43,155.52,144.37,148.06,2105226551
14-10-2021,148.06,155.65,147.35,150.01,1948101208
15-10-2021,150.01,165.26,146.76,163.17,3970589003
16-10-2021,163.17,164.76,156.63,157.56,1531502795
17-10-2021,157.56,167.47,153.39,160.04,2168838138
18-10-2021,160.04,162.92,154.97,157.15,1698878759
19-10-2021,157.15,159.38,153.22,155.89,1400902548
20-10-2021,155.89,176.89,155.16,176.81,3315306825
21-10-2021,176.81,194.17,176.76,190.25,6865815461
22-10-2021,190.25,215,188.1,196.22,7486821306
23-10-2021,196.22,205.67,192.09,197.73,3253670286
24-10-2021,197.73,204.89,185.34,202.3,3413057378
25-10-2021,202.3,218.93,198.19,209.85,4837376169
26-10-2021,209.85,214.04,196.52,199.72,3194205752
27-10-2021,199.72,205.56,179.66,184.52,4552692842
28-10-2021,184.52,201.53,181.77,194.85,3463958628
29-10-2021,194.85,205.23,194.71,200.41,2468703579
30-10-2021,200.41,200.63,187.51,195.91,1732207667
31-10-2021,195.91,205.14,185.67,202.66,2577364486
01-11-2021,202.66,211.66,198.05,203.51,3157612663
02-11-2021,203.51,222.35,201.16,221.14,3020087232
03-11-2021,221.14,246.51,216.07,243.02,6024951132
04-11-2021,243.02,250.48,234.52,247.17,4440296290
05-11-2021,247.17,248.41,230.68,236.34,2752870913
06-11-2021,236.34,259.95,235.04,258.63,3869779683
07-11-2021,258.63,258.81,245.9,249.76,2624869522
08-11-2021,249.76,253.3,240.76,248.35,3344410176
09-11-2021,248.35,253.17,237.5,239.03,2819309492
10-11-2021,239.03,248.09,218.64,233.62,3873202098
11-11-2021,233.62,246.46,229.6,233.51,2693456862
12-11-2021,233.51,239,220.98,228.64,3022054714
13-11-2021,228.64,241.92,224.99,241.66,2322796265
14-11-2021,241.66,241.94,230.47,238.71,1705211600
15-11-2021,238.71,246.33,234.5,238.17,2414551003
16-11-2021,238.17,238.17,214.88,219.09,3557977024
17-11-2021,219.09,222.24,209.95,218.95,2982505239
18-11-2021,218.95,222.78,186.78,195.24,3911214658
19-11-2021,195.24,219.74,189.18,215.39,3431624914
20-11-2021,215.39,221.28,206.17,217.89,2003638941
21-11-2021,217.89,235.71,210.44,230.56,2636480460
22-11-2021,230.56,232.18,211.75,215.78,3254258844
23-11-2021,215.78,226.17,211.04,221.94,2328763768
24-11-2021,221.94,222.31,200.2,205.75,2293934142
25-11-2021,205.75,216.48,202.06,210.06,2586718627
26-11-2021,210.06,210.6,182.81,192.24,3380122748
27-11-2021,192.24,199.47,190.69,193,1443178833
28-11-2021,193,202.3,181.17,200.92,2033215941
29-11-2021,200.92,212.94,199.87,204.22,2110532147
30-11-2021,204.22,218.52,199.73,208.43,2888387657
01-12-2021,208.43,232.51,207.77,229.91,3532771294
02-12-2021,229.91,243.31,220.2,233.89,4074103518
03-12-2021,233.89,239.63,206.22,211.87,4061060881
04-12-2021,211.87,212.63,175.73,201.01,5949505665
05-12-2021,201.01,204.66,181.28,196.74,3402591975
06-12-2021,196.74,197.72,176.61,194.03,3693853028
07-12-2021,194.03,204.27,188.08,190.38,2556849839
08-12-2021,190.38,196.33,183.89,194.74,2277446203
09-12-2021,194.74,196.81,178.8,181.41,1968182104
10-12-2021,181.41,184.56,167.31,167.65,2118266396
11-12-2021,167.65,173.8,161.48,172.08,1877844189
12-12-2021,172.08,176.87,167.8,173,1196808540
13-12-2021,173,173,148.1,155.15,2547597256
14-12-2021,155.15,163.17,149.67,161.43,2604045117
15-12-2021,161.43,183.17,156.91,178.55,3783787658
16-12-2021,178.55,189.3,174.51,176.92,2766320569
17-12-2021,176.92,182.47,168.15,175.65,2711688386
18-12-2021,175.65,184.31,171.1,182.92,1690397976
19-12-2021,182.92,189.39,178.49,180.02,1678714066
20-12-2021,180.02,181.21,168.48,174.01,1982986558
21-12-2021,174.01,182.64,170.29,179.76,1821107818
22-12-2021,179.76,187.55,177.16,178.36,1889229699
23-12-2021,178.36,193.64,175.73,190.12,2191634326
24-12-2021,190.12,197.54,184.35,190.43,2286837232
25-12-2021,190.43,195.3,189.33,193.05,1443209769
26-12-2021,193.05,200.62,190.32,197.89,1971114647
27-12-2021,197.89,204.79,194.9,195.73,1800094698
28-12-2021,195.73,195.75,176.38,177.25,2826063568
29-12-2021,177.25,180.62,170.16,170.62,2175731146
30-12-2021,170.62,175.75,168.24,172.53,1540637869
31-12-2021,172.53,177.68,167.68,169.93,1567918820
01-01-2022,169.93,179.21,169.92,179.09,1084780603
02-01-2022,179.09,179.5,174.41,176.4,995389409
03-01-2022,176.4,176.48,166.68,170.08,1345778058
04-01-2022,170.08,173.83,166.49,167.75,1499265336
05-01-2022,167.75,171.28,145.02,154.36,2123759721
06-01-2022,154.36,154.76,146.02,150.23,2097172620
07-01-2022,150.23,150.64,133.79,136.39,2926269672
08-01-2022,136.39,148.04,133.01,142.11,2730000333
09-01-2022,142.11,145.65,137.88,140.77,1599123912
10-01-2022,140.77,143.75,130.06,135.86,2040883379
11-01-2022,135.86,143.51,133.65,140.25,1554197314
12-01-2022,140.25,153.26,138.27,151.51,2242337550
13-01-2022,151.51,157.85,145.59,146.2,2177023564
14-01-2022,146.2,150.62,142.04,146.18,1822320951
15-01-2022,146.18,149.59,144.08,147.74,1123271784
16-01-2022,147.74,151.96,146.22,147.96,1172854751
17-01-2022,147.96,148.29,137.15,139.84,1487772250
18-01-2022,139.84,142.8,134.39,141.29,1449435942
19-01-2022,141.29,142.74,132.83,135.3,1444663456
20-01-2022,135.3,143.91,126.22,127.65,984099352
21-01-2022,127.65,129.09,106.16,112.47,3771688473
22-01-2022,112.47,114.1,88.1,94.68,4039466376
23-01-2022,94.68,104.74,93.34,99.81,2548191912
24-01-2022,99.81,99.89,80.79,91.99,4664539688
25-01-2022,91.99,100.01,87.48,94.65,2842652332
26-01-2022,94.65,104.39,89.32,92.14,3177186515
27-01-2022,92.14,94.62,85.71,89.56,2513945822
28-01-2022,89.56,93.54,87.23,91.36,2156098049
29-01-2022,91.36,98.94,90.54,96.16,1727329992
30-01-2022,96.16,97.58,91.45,93.32,1110338981
31-01-2022,93.32,101.39,89.12,99.54,1888454241
01-02-2022,99.54,113.72,99.08,110.09,3568466349
02-02-2022,110.09,112.45,96.96,101.89,3297984784
03-02-2022,101.89,103.17,94.12,101.9,2618951519
04-02-2022,101.9,112.89,100.39,112.58,3121470028
05-02-2022,112.58,118.68,110.33,113.82,2337469324
06-02-2022,113.82,116.12,111.67,115.33,1488437091
07-02-2022,115.33,121.97,112.8,117.57,2501444983
08-02-2022,117.57,120.32,109.78,113.42,2670414753
09-02-2022,113.42,117.2,109.41,114.04,1844036035
10-02-2022,114.04,114.97,105.79,106.18,2534257400
11-02-2022,106.18,108.36,95.2,96.52,2244853464
12-02-2022,96.52,99.87,92.91,95.96,1722515979
13-02-2022,95.96,97.39,91.42,92.9,1150014559
14-02-2022,92.9,97.95,90.83,96.43,1787236369
15-02-2022,96.43,105.83,96.39,105.54,2134576044
16-02-2022,105.54,105.63,98.33,101.94,1908954820
17-02-2022,101.94,102.84,92.39,93.58,1872498133
18-02-2022,93.58,96.43,89.36,89.93,1669246812
19-02-2022,89.93,92.73,88.71,91.31,1084605729
20-02-2022,91.31,93.94,85.69,90.75,1912980153
21-02-2022,90.75,96.16,82.73,82.99,2892900595
22-02-2022,82.99,87.59,81.06,86.44,2046554018
23-02-2022,86.44,93.34,84.44,84.61,2293962445
24-02-2022,84.61,92.69,75.43,89.41,5253578948
25-02-2022,89.41,95.05,86.88,92.84,3069242551
26-02-2022,92.84,95.16,89.29,90.29,1721041901
27-02-2022,90.29,92.23,84.18,85.66,2012522473
28-02-2022,85.66,102.36,84.21,99.75,3457872746
01-03-2022,99.75,101.88,94.39,98.65,3225742519
02-03-2022,98.65,106.37,96.85,100.75,3800592927
03-03-2022,100.75,101.71,94.1,95.6,2309311748
04-03-2022,95.6,95.88,87.03,88.24,2592829728
05-03-2022,88.24,91.15,86.08,89.61,1437161887
06-03-2022,89.61,89.9,84.19,84.55,1467561782
07-03-2022,84.55,86.58,79.99,81.88,2375648176
08-03-2022,81.88,84.98,81.39,82.31,2112765959
09-03-2022,82.31,89.75,82.03,88.07,2624860794
10-03-2022,88.07,88.61,80.99,82.93,2196400279
11-03-2022,82.93,84.28,80.09,80.67,1852734626
12-03-2022,80.67,82.72,80.64,81.41,1036290480
13-03-2022,81.41,83.17,77.92,78.76,1316842580
14-03-2022,78.76,82.23,78.07,81.26,1676601058
15-03-2022,81.26,85.88,78.91,82.85,1627848455
16-03-2022,82.85,87.99,81.55,87.84,2370877301
17-03-2022,87.84,90.99,86.68,87.88,2440062581
18-03-2022,87.88,91.99,84.53,89.81,2745357460
19-03-2022,89.81,94.55,89.3,92.41,1951674158
20-03-2022,92.41,92.53,87.97,88.6,1286133603
21-03-2022,88.6,91.22,86.92,88.65,1598537312
22-03-2022,88.65,93.96,88.05,90.47,1879747152
23-03-2022,90.47,96.27,89.35,94.89,2099467745
24-03-2022,94.89,103.71,93.53,102.39,3601646600
25-03-2022,102.39,104.86,97.12,98.65,2175497007
26-03-2022,98.65,103.39,97.72,101.79,1282869612
27-03-2022,101.79,107.44,98.89,107.08,1572329892
28-03-2022,107.08,113.84,105.22,105.93,2877146388
29-03-2022,105.93,115.65,105.61,111.78,3052274877
30-03-2022,111.78,124.56,107.16,120.64,3908170428
31-03-2022,120.64,129.36,120.01,122.84,4115229587
01-04-2022,122.84,138.44,117.78,134.54,4434807484
02-04-2022,134.54,143.54,131.44,132.51,3394186456
03-04-2022,132.51,140.98,130.68,136.91,2585967812
04-04-2022,136.91,138.28,125.91,132.13,2828117206
05-04-2022,132.13,136.63,126.09,126.83,2239922210
06-04-2022,126.83,127.39,112.16,112.99,3281009143
07-04-2022,112.99,119.96,110.96,118.6,2431083313
08-04-2022,118.6,122.41,108.15,109.97,2376864565
09-04-2022,109.97,113.67,108.32,112.96,1202250516
10-04-2022,112.96,116.04,109.8,111.02,1280232450
11-04-2022,111.02,111.94,98.2,99.65,2272498194
12-04-2022,99.65,109.36,98.41,103.26,2317008207
13-04-2022,103.26,106,100.12,104.97,1675840412
14-04-2022,104.97,107.7,99.04,100.77,1686576071
15-04-2022,100.77,102.88,99.57,101.35,1050639351
16-04-2022,101.35,103.48,100.81,102.1,774939305
17-04-2022,102.1,105.44,99.68,100.18,1057908299
18-04-2022,100.18,102.66,94.85,102.37,1846133932
19-04-2022,102.37,108.82,101.06,108.61,1711909607
20-04-2022,108.61,110.91,104.35,105.59,1761531528
21-04-2022,105.59,109.98,100.03,101.77,1838571747
22-04-2022,101.77,103.55,99.23,100.54,1274793594
23-04-2022,100.54,102.89,98.37,100.61,823252482
24-04-2022,100.61,102.25,98.64,99.23,818266008
25-04-2022,99.23,101.58,94.35,100.99,1538486689
26-04-2022,100.99,101.98,94.68,95.71,1301074534
27-04-2022,95.71,100.76,94.93,98.34,1253566599
28-04-2022,98.34,100.54,96.35,98.22,1307131609
29-04-2022,98.22,98.64,92.34,93.93,1234575023
30-04-2022,93.93,94.93,82.03,84.65,1293033765
01-05-2022,84.65,93.11,84.17,89.68,1426749080
02-05-2022,89.68,90.86,85.08,87.47,1265220129
03-05-2022,87.47,88.78,84.64,85.84,1011988792
04-05-2022,85.84,93.03,85.46,92.75,1428455342
05-05-2022,92.75,95.17,81.42,84.51,1805979399
06-05-2022,84.51,84.75,79.94,81.65,1585081920
07-05-2022,81.65,82.27,77.19,78.83,1139093165
08-05-2022,78.83,79.34,73.71,75.31,1439700868
09-05-2022,75.31,77.19,61.79,62.11,2773999164
10-05-2022,62.11,74.03,60.24,66.85,3677013066
11-05-2022,66.85,68.35,43.12,50.82,4432811558
12-05-2022,50.82,53.97,35.95,44.58,4471167155
13-05-2022,44.58,56.27,43.83,48.86,2854210432
14-05-2022,48.86,53.7,45.87,52.34,2042138537
15-05-2022,52.34,59.19,49.59,58.74,1843835578
16-05-2022,58.74,58.75,51.87,53.69,2067312217
17-05-2022,53.69,58.14,53.03,57.02,1823895389
18-05-2022,57.02,57.82,49.39,49.83,1745565671
19-05-2022,49.83,53.99,48.22,52.12,1958004386
20-05-2022,52.12,53.57,47.76,49.37,1830699507
21-05-2022,49.37,51.16,48.38,50.25,979492374
22-05-2022,50.25,53.12,49.64,52.46,1105760506
23-05-2022,52.46,54.61,48.58,49.1,1661669360
24-05-2022,49.1,50.78,47.06,49.63,1508166642
25-05-2022,49.63,50.48,47.52,47.92,1304580067
26-05-2022,47.92,48.59,41.69,43.43,2208994514
27-05-2022,43.43,43.89,39.97,41.1,2256358026
28-05-2022,41.1,44.99,40.25,44.22,1254325884
29-05-2022,44.22,45.56,41.8,44.92,1317843243
30-05-2022,44.92,48.32,44.23,47.18,1708817065
31-05-2022,47.18,48.17,44.56,45.74,1509191627
01-06-2022,45.74,46.1,39.59,40.09,1422647092
02-06-2022,40.09,41.55,38.11,40.82,1554022054
03-06-2022,40.82,41.51,37.66,38.23,1348656102
04-06-2022,38.23,39.46,35.72,38.97,1130762770
05-06-2022,38.97,40.17,37.83,38.49,998532387
06-06-2022,38.49,44.65,38.31,42.36,1955057411
07-06-2022,42.36,42.65,37.36,39.29,1974825213
08-06-2022,39.29,40.89,38.29,38.79,1211034282
09-06-2022,38.79,41.9,38.41,39.93,1265873005
10-06-2022,39.93,40.87,36.81,37.12,1177042406
11-06-2022,37.12,37.88,33.15,33.86,1086904917
12-06-2022,33.86,34.4,30.54,30.59,1430666510
13-06-2022,30.59,31.05,26.02,28.54,2577135234
14-06-2022,28.54,32.2,25.84,29.51,2317785256
15-06-2022,29.51,34.8,26.75,34.71,2574959860
16-06-2022,34.71,35.9,29.53,30.08,1908909523
17-06-2022,30.08,32.08,29.23,30.67,1283536081
18-06-2022,30.67,31.97,27.06,31.97,1804420726
19-06-2022,31.97,35.31,28.69,34.16,2005402608
20-06-2022,34.16,36.84,31.7,35.22,1958378683
21-06-2022,35.22,39.11,34.2,36.37,1790090431
22-06-2022,36.37,36.84,33.61,34.07,1533123071
23-06-2022,34.07,38.57,33.89,38.13,1666479184
24-06-2022,38.13,42.87,37.65,41.87,1765927064
25-06-2022,41.87,42.56,39.73,42.2,1271293523
26-06-2022,42.2,42.45,39.16,39.38,1138724690
27-06-2022,39.38,41.22,37.96,38.46,1253389517
28-06-2022,38.46,39.85,35.04,35.29,1361946847
29-06-2022,35.29,36.05,33.09,33.96,1366803516
30-06-2022,33.96,34.14,30.88,33.74,1321861663
01-07-2022,33.74,35.34,31.75,32.8,1427407655
02-07-2022,32.8,34.09,31.82,33.32,765552187
03-07-2022,33.32,33.63,32.11,33.36,605659825
04-07-2022,33.36,36.89,32.42,36.68,1091202628
05-07-2022,36.68,36.93,33.11,35.37,1569156882
06-07-2022,35.37,37.57,34.78,37.01,1410588451
07-07-2022,37.01,39.23,36.37,38.46,1189167903
08-07-2022,38.46,39.81,36.45,38.11,1485794730
09-07-2022,38.11,38.88,37.76,38.05,789899204
10-07-2022,38.05,38.12,36.26,36.66,714119421
11-07-2022,36.66,36.71,33.23,33.4,930216020
12-07-2022,33.4,34.56,32.57,32.66,916386230
13-07-2022,32.66,35.03,31.85,34.93,1313110217
14-07-2022,34.93,37.26,33.56,37.13,1320137563
15-07-2022,37.13,39.07,36.52,37.37,1266226950
16-07-2022,37.37,40.45,36.36,39.59,1149921714
17-07-2022,39.59,41.07,38.3,38.62,1119935904
18-07-2022,38.62,44.04,38.55,43.54,1793335611
19-07-2022,43.54,47.45,42.56,44.88,2530289999
20-07-2022,44.88,46.32,41.27,42.03,2020822242
21-07-2022,42.03,44.07,39.67,43.11,1926399176
22-07-2022,43.11,44.32,40.04,40.55,1523873136
23-07-2022,40.55,41.92,38.62,39.98,1151436691
24-07-2022,39.98,42.09,39.48,40.96,1115260733
25-07-2022,40.96,41.1,36.58,36.6,1465847128
26-07-2022,36.6,36.81,34.68,36.27,1362323126
27-07-2022,36.27,40.54,35.68,40.24,1829226049
28-07-2022,40.24,44.19,39.05,42.94,2454901807
29-07-2022,42.94,44.4,41.18,41.93,2066610408
30-07-2022,41.93,46.68,41.46,43.85,1980341418
31-07-2022,43.85,45.21,42.24,42.37,1356657075
01-08-2022,42.37,43.26,40.61,41.66,1082119921
02-08-2022,41.66,42.43,39.53,39.75,1205226999
03-08-2022,39.75,41.02,37.48,38.57,2312325350
04-08-2022,38.57,39.82,37.96,38.82,1235137178
05-08-2022,38.82,41.34,38.71,40.56,1198859111
06-08-2022,40.56,40.91,39.85,40.07,650997770
07-08-2022,40.07,41.55,39.22,40.62,614104051
08-08-2022,40.62,43.69,40.56,42.22,1117550363
09-08-2022,42.22,42.76,39.76,40.35,895263875
10-08-2022,40.35,42.87,39.17,42.48,1389333742
11-08-2022,42.48,45.33,42.37,42.8,1735349568
12-08-2022,42.8,45.53,42.18,45.52,1128246063
13-08-2022,45.52,48.4,45.31,46.6,1416039040
14-08-2022,46.6,48.07,44.58,44.87,1061034922
15-08-2022,44.87,47.24,42.76,43.73,1364253429
16-08-2022,43.73,44.31,42.56,43.09,1131452045
17-08-2022,43.09,44.72,40.18,40.53,1336772691
18-08-2022,40.53,41.67,39.34,39.51,885648540
19-08-2022,39.51,39.59,35.57,35.82,1821467945
20-08-2022,35.82,37.26,34.19,35.28,1203622743
21-08-2022,35.28,37.03,34.54,36.48,982071275
22-08-2022,36.48,36.54,33.76,35.42,1139846770
23-08-2022,35.42,36.1,34.24,35.65,854779221
24-08-2022,35.65,36.39,34.31,34.88,946325778
25-08-2022,34.88,36.48,34.87,35.28,828503624
26-08-2022,35.28,35.78,31.37,31.73,1315871629
27-08-2022,31.73,32.24,30.87,31.52,764882265
28-08-2022,31.52,32.21,30.13,30.43,562501615
29-08-2022,30.43,32.64,29.97,32.43,891913484
30-08-2022,32.43,33.07,30.64,31.47,861409804
31-08-2022,31.47,32.96,31.18,31.49,769308937
01-09-2022,31.49,31.78,30.44,31.6,666487074
02-09-2022,31.6,32.38,30.77,31.24,659575995
03-09-2022,31.24,31.28,30.81,31.11,314531753
04-09-2022,31.11,32.19,31.03,32.16,392954663
05-09-2022,32.16,32.52,31.15,32.17,512588616
06-09-2022,32.17,33.86,30.46,30.89,1196204019
07-09-2022,30.89,32.93,30.32,32.7,779212909
08-09-2022,32.7,34,32.02,33.61,978070646
09-09-2022,33.61,35.95,33.6,34.69,1186140934
10-09-2022,34.69,35.42,34.29,35.06,731145106
11-09-2022,35.06,35.99,34.08,35.01,757216096
12-09-2022,35.01,38.37,34.42,37.46,1701399970
13-09-2022,37.46,38.96,32.94,32.99,1785181627
14-09-2022,32.99,34.34,32.71,34.12,1003604224
15-09-2022,34.12,34.86,32.29,33.07,1139377803
16-09-2022,33.07,33.25,31.54,32.24,765952525
17-09-2022,32.24,33.89,32.22,33.69,501302380
18-09-2022,33.69,33.99,30.87,31.1,694870049
19-09-2022,31.1,33.08,30.62,32.63,971182780
20-09-2022,32.63,32.88,31.31,31.42,819978937
21-09-2022,31.42,33.44,30.04,30.69,1193686258
22-09-2022,30.69,32.86,30.59,32.42,833702543
23-09-2022,32.42,33.96,31.21,33.66,982495447
24-09-2022,33.66,34.76,33.15,33.39,872691785
25-09-2022,33.39,34.03,31.9,32.33,610529879
26-09-2022,32.33,33.95,31.88,33.88,936313674
27-09-2022,33.88,35.41,32.08,32.68,1223724195
28-09-2022,32.68,33.8,31.64,33.23,998520503
29-09-2022,33.23,34.41,32.65,33.93,951223921
30-09-2022,33.93,35.2,32.62,33.25,1210784941
01-10-2022,33.25,33.25,32.37,32.44,572976679
02-10-2022,32.44,33.02,31.91,32.06,532211084
03-10-2022,32.06,33.26,31.8,32.9,633204077
04-10-2022,32.9,34.4,32.84,34.11,717157069
05-10-2022,34.11,34.38,33.21,34.05,655950188
06-10-2022,34.05,34.5,33.27,33.36,712289836
07-10-2022,33.36,33.77,32.43,32.99,649212486
08-10-2022,32.99,33.07,32.37,32.59,367021196
09-10-2022,32.59,33.13,32.45,32.93,405849928
10-10-2022,32.93,33.45,31.93,31.95,640691958
11-10-2022,31.95,31.95,30.42,30.79,733071932
12-10-2022,30.79,31.54,30.67,31.16,490127096
13-10-2022,31.16,31.2,27.75,30.51,1302451856
14-10-2022,30.51,31.98,29.64,30,836283411
15-10-2022,30,30.2,29.45,29.59,547825492
16-10-2022,29.59,30.52,29.56,30.16,608389719
17-10-2022,30.16,31.29,29.84,31.21,658840500
18-10-2022,31.21,31.48,29.74,30.14,715092973
19-10-2022,30.14,30.26,28.62,28.85,697269954
20-10-2022,28.85,29.47,27.97,28.01,803871622
21-10-2022,28.01,28.28,26.84,28.1,967208274
22-10-2022,28.1,28.22,27.49,28.01,474234383
23-10-2022,28.01,29.42,27.74,29.28,633157057
24-10-2022,29.28,29.49,28.17,28.3,667625312
25-10-2022,28.3,32.35,28.06,30.88,1336242036
26-10-2022,30.88,32.12,30.65,31.29,1250974763
27-10-2022,31.29,32.36,30.47,30.58,1275994871
28-10-2022,30.58,32.55,30.12,32.07,1063403956
29-10-2022,32.07,33.84,31.87,32.88,1165931963
30-10-2022,32.88,33.54,31.95,32.94,731319297
31-10-2022,32.94,34.39,32.21,32.56,1174404933
01-11-2022,32.56,33.39,32.16,32.2,729292793
02-11-2022,32.2,32.93,30.23,30.81,1166999748
03-11-2022,30.81,32.24,30.61,30.85,832207929
04-11-2022,30.85,34.21,30.66,33.74,1364403572
05-11-2022,33.74,38.74,33.67,36.89,2470595904
06-11-2022,36.89,37.05,32.34,32.62,1650006613
07-11-2022,32.62,33.12,28.15,29.62,2545092967
08-11-2022,29.62,31.63,21.5,24.02,6120104231
09-11-2022,24.02,24.03,12.08,14.17,4647808136
10-11-2022,14.17,19.08,12.9,17.6,4084381465
11-11-2022,17.6,18.25,15.15,16.35,2191908978
12-11-2022,16.35,16.38,14.44,14.55,866923655
13-11-2022,14.55,14.71,13.02,13.17,880792311
14-11-2022,13.17,14.98,12.21,13.98,1365413449
15-11-2022,13.98,15.09,13.8,14.29,833458645
16-11-2022,14.29,14.6,13.62,14.27,487495993
17-11-2022,14.27,14.51,12.92,13.64,673219780
18-11-2022,13.64,13.87,12.98,13.25,357193046
19-11-2022,13.25,13.26,12.58,12.82,314294255
20-11-2022,12.82,13.57,12.11,12.26,508411732
21-11-2022,12.26,12.27,11.26,11.83,504498729
22-11-2022,11.83,12.5,10.94,12.43,529418278
23-11-2022,12.43,14.46,12.39,14.34,859905329
24-11-2022,14.34,14.93,13.84,14.59,620159372
25-11-2022,14.59,14.6,13.89,14.01,323667943
26-11-2022,14.01,14.95,13.96,14.17,333271818
27-11-2022,14.17,14.44,14.05,14.1,225035409
28-11-2022,14.1,14.17,12.78,13.33,447463511
29-11-2022,13.33,13.95,13.15,13.34,265372933
30-11-2022,13.34,14.32,13.23,14.15,331594403
01-12-2022,14.15,14.19,13.4,13.52,232200065
02-12-2022,13.52,13.81,13.33,13.72,245049936
03-12-2022,13.72,13.77,13.22,13.3,161314094
04-12-2022,13.3,13.75,13.27,13.71,141802483
05-12-2022,13.71,14.16,13.59,13.82,335440747
06-12-2022,13.82,14.38,13.81,14.29,279979830
07-12-2022,14.29,14.33,13.44,13.5,223134812
08-12-2022,13.5,13.78,13.27,13.69,195918913
09-12-2022,13.69,14.02,13.5,13.58,211833041
10-12-2022,13.58,13.72,13.54,13.57,109293691
11-12-2022,13.57,13.8,13.39,13.43,117436002
12-12-2022,13.43,13.48,12.84,13.32,205298705
13-12-2022,13.32,14.15,12.78,13.89,315949878
14-12-2022,13.89,14.95,13.81,14.12,441479811
15-12-2022,14.12,14.52,13.87,14.04,272679087
16-12-2022,14.04,14.17,11.99,12.24,358747840
17-12-2022,12.24,12.55,11.94,12.51,222801055
18-12-2022,12.51,12.61,12.27,12.37,110722042
19-12-2022,12.37,12.59,11.67,11.94,206060595
20-12-2022,11.94,12.48,11.83,12.26,177388342
21-12-2022,12.26,12.29,11.9,12.14,167974882
22-12-2022,12.14,12.19,11.67,11.81,181200151
23-12-2022,11.81,12.11,11.72,11.78,157181374
24-12-2022,11.78,11.79,11.12,11.45,202780776
25-12-2022,11.45,11.55,11.24,11.39,105389060
26-12-2022,11.39,11.49,11.06,11.33,132410401
27-12-2022,11.33,11.44,10.72,11.09,223332961
28-12-2022,11.09,11.12,9.421,9.759,468728777
29-12-2022,9.759,10.82,8.028,9.641,772500177
30-12-2022,9.641,10.23,9.03,9.909,837030648
31-12-2022,9.909,10.18,9.659,9.952,285758573
01-01-2023,9.952,10.08,9.7,9.99,194221164
02-01-2023,9.99,11.97,9.791,11.28,558570124
03-01-2023,11.28,13.8,11.01,13.39,1149255381
04-01-2023,13.39,14.22,12.82,13.44,1142852070
05-01-2023,13.44,13.86,12.95,13.43,564255825
06-01-2023,13.43,13.59,12.69,13.5,517147909
07-01-2023,13.5,13.5,13.01,13.1,210349250
08-01-2023,13.1,14.87,12.85,14.45,535020165
09-01-2023,14.45,17.52,14.29,16.26,2029272608
10-01-2023,16.26,16.73,15.57,16.21,833408341
11-01-2023,16.21,16.6,15.29,16.37,630606082
12-01-2023,16.37,16.97,15.59,16.6,884719784
13-01-2023,16.6,18.6,16.32,18.29,1037251176
14-01-2023,18.29,24.72,18.21,24.24,3399684035
15-01-2023,24.24,24.91,21.99,22.88,1661787281
16-01-2023,22.88,25,22.27,23.58,1596086615
17-01-2023,23.58,23.95,22.72,22.89,926501252
18-01-2023,22.89,23.62,20.34,20.81,1427677518
19-01-2023,20.81,21.86,20.43,21.4,799641392
20-01-2023,21.4,25.81,20.93,25.54,1419157455
21-01-2023,25.54,26.46,24.38,24.57,1948796870
22-01-2023,24.57,25.43,23.52,24.22,1029738787
23-01-2023,24.22,24.93,23.76,24.35,874649827
24-01-2023,24.35,25.21,22.41,22.77,837211317
25-01-2023,22.77,25.41,22.24,24.51,1166026842
26-01-2023,24.51,25.22,23.79,24.35,809826004
27-01-2023,24.35,24.95,23.36,24.44,682926581
28-01-2023,24.44,25.19,23.74,24.01,489857934
29-01-2023,24.01,26.76,23.73,26.08,1131621628
30-01-2023,26.08,26.32,23.29,23.97,1084170329
31-01-2023,23.97,24.46,23.49,23.93,617019880
01-02-2023,23.93,25.2,22.51,25,984317489
02-02-2023,25,26.14,24.12,24.32,1017290364
03-02-2023,24.32,25.22,24.05,24.68,643813200
04-02-2023,24.68,24.94,24.2,24.36,321758043
05-02-2023,24.36,24.47,23.05,23.49,578466008
06-02-2023,23.49,23.73,22.51,22.69,449884793
07-02-2023,22.69,23.96,22.55,23.84,625438600
08-02-2023,23.84,24.2,22.81,23.22,534148944
09-02-2023,23.22,23.34,20.01,20.47,797436250
10-02-2023,20.47,21.21,19.71,20.13,654189930
11-02-2023,20.13,20.92,20.11,20.82,267159267
12-02-2023,20.82,22.43,20.63,21.51,532943787
13-02-2023,21.51,21.6,19.76,20.78,693292656
14-02-2023,20.78,22.38,20.69,21.85,865868623
15-02-2023,21.85,23.98,21.46,23.87,747616299
16-02-2023,23.87,24.15,22.21,22.26,885086333
17-02-2023,22.26,23.56,22.04,23.17,580803415
18-02-2023,23.17,23.92,22.93,23.47,370892073
19-02-2023,23.47,25.63,23.22,24.85,993875671
20-02-2023,24.85,27.11,24.13,26.26,1459545676
21-02-2023,26.26,26.61,24.5,24.98,925847245
22-02-2023,24.98,25.23,23.22,24.17,892548647
23-02-2023,24.17,24.7,23.61,23.92,579213279
24-02-2023,23.92,24.14,22.49,23.08,612377428
25-02-2023,23.07,23.33,21.46,22.4,547286025
26-02-2023,22.4,23.53,22.24,23.28,370371591
27-02-2023,23.28,23.41,22.33,22.67,475987023
28-02-2023,22.67,22.77,21.8,21.88,351065863
01-03-2023,21.88,22.89,21.7,22.51,346532018
02-03-2023,22.51,22.66,21.69,21.99,322545445
03-03-2023,21.99,22.01,20.4,21.42,489228523
04-03-2023,21.42,21.61,20.3,20.99,249364880
05-03-2023,20.99,21.67,20.84,20.97,278729462
06-03-2023,20.97,21.16,20.48,20.62,318022843
07-03-2023,20.62,20.95,19.73,20.24,394901279
08-03-2023,20.24,20.38,18.14,18.42,620543521
09-03-2023,18.42,18.75,16.73,17.35,754162560
10-03-2023,17.35,18.41,16.02,18.24,944032048
11-03-2023,18.24,19.12,17.05,18.21,696894876
12-03-2023,18.21,20.63,17.88,20.32,666940879
13-03-2023,20.32,21.47,18.9,20.47,1161164364
14-03-2023,20.47,22.19,19.85,20.93,1130224251
15-03-2023,20.93,21.55,18.77,19.32,816614774
16-03-2023,19.32,19.95,18.97,19.72,438673097
17-03-2023,19.72,21.71,19.47,21.65,623518286
18-03-2023,21.65,22.92,21.12,21.26,789771840
19-03-2023,21.26,22.49,21.25,21.91,475166077
20-03-2023,21.91,23.97,21.45,22.2,1147250538
21-03-2023,22.2,23.37,21.61,22.61,745081556
22-03-2023,22.61,23.12,21.01,21.46,851680842
23-03-2023,21.46,22.77,21.16,22.21,555730954
24-03-2023,22.21,22.3,20.29,20.68,547225198
25-03-2023,20.68,20.98,20.13,20.44,272949711
26-03-2023,20.44,21.16,20.32,20.96,226663968
27-03-2023,20.96,20.99,19.4,19.9,359607077
28-03-2023,19.9,20.84,19.63,20.45,347656506
29-03-2023,20.45,21.54,20.44,21.1,378726667
30-03-2023,21.1,21.67,20.18,20.55,472449267
31-03-2023,20.55,21.47,20.07,21.18,352864960
01-04-2023,21.18,21.33,20.8,21.09,209186327
02-04-2023,21.09,21.3,20.27,20.53,229561591
03-04-2023,20.53,21,19.99,20.46,437266506
04-04-2023,20.46,21.25,20.31,20.92,305630170
05-04-2023,20.92,21.34,20.6,20.97,324885702
06-04-2023,20.97,20.99,20.47,20.62,222557225
07-04-2023,20.62,20.78,20.25,20.45,171660856
08-04-2023,20.45,20.73,19.9,20.04,194413927
09-04-2023,20.04,20.44,19.91,20.3,152580905
10-04-2023,20.3,20.96,20.1,20.92,224169192
11-04-2023,20.92,23.72,20.84,23.01,1083533914
12-04-2023,23.01,24.46,22.35,23.82,1204250258
13-04-2023,23.82,25.28,23.67,24.46,792335438
14-04-2023,24.46,25.51,23.77,24.74,859037933
15-04-2023,24.74,24.81,23.84,24.07,379745930
16-04-2023,24.07,25.49,23.86,25.37,466841333
17-04-2023,25.37,26.01,24.36,24.59,789077237
18-04-2023,24.59,25.45,24,24.83,487693856
19-04-2023,24.83,24.99,22.04,22.69,836873906
20-04-2023,22.69,23.16,21.58,22.2,658826580
21-04-2023,22.2,22.4,21.01,21.26,489546774
22-04-2023,21.26,21.98,21.06,21.8,246809009
23-04-2023,21.8,22.24,20.98,21.47,314447869
24-04-2023,21.47,22,21.02,21.39,358681450
25-04-2023,21.39,21.95,20.75,21.94,367752382
26-04-2023,21.94,22.96,20.43,21.28,690088236
27-04-2023,21.28,22.54,21.2,22.33,509745191
28-04-2023,22.33,23.5,22.19,23.36,511781472
29-04-2023,23.36,23.82,22.95,23.2,369964075
30-04-2023,23.2,23.97,22.7,22.73,368042267
01-05-2023,22.73,22.88,21.59,21.97,438350469
02-05-2023,21.97,22.4,21.76,22.27,296722866
03-05-2023,22.27,22.3,21.25,22.24,445797367
04-05-2023,22.24,22.53,21.63,21.74,291826693
05-05-2023,21.74,23.07,21.66,22.85,423211212
06-05-2023,22.85,23.27,21.63,21.97,351934449
07-05-2023,21.97,22.8,21.69,21.7,303626005
08-05-2023,21.7,21.85,20.06,20.69,553548056
09-05-2023,20.69,21.06,20.4,20.69,272780907
10-05-2023,20.69,21.32,19.99,20.94,490700208
11-05-2023,20.94,20.95,19.8,20.2,376535594
12-05-2023,20.2,20.97,19.83,20.92,362726295
13-05-2023,20.92,21.29,20.79,20.85,224618367
14-05-2023,20.85,21.26,20.64,20.94,184522451
15-05-2023,20.94,21.52,20.62,20.99,307353987
16-05-2023,20.99,21.14,20.44,20.68,279283146
17-05-2023,20.68,21.19,20.43,21.06,279742763
18-05-2023,21.06,21.09,20.1,20.34,293327002
19-05-2023,20.34,20.58,20.24,20.35,149073606
20-05-2023,20.35,20.36,20.12,20.28,121021517
21-05-2023,20.28,20.39,19.44,19.62,210641913
22-05-2023,19.62,20.02,19.31,19.53,216922971
23-05-2023,19.53,20.17,19.42,20.03,258761187
24-05-2023,20.03,20.06,18.78,19.22,297840141
25-05-2023,19.22,19.54,18.8,19.25,194537149
26-05-2023,19.25,19.56,19.09,19.36,140228468
27-05-2023,19.36,20.53,19.34,20.44,179682882
28-05-2023,20.44,21.18,20.31,20.82,291460886
29-05-2023,20.82,20.99,20.28,20.59,228295637
30-05-2023,20.59,21.43,20.48,21.27,367512387
31-05-2023,21.27,21.34,20.41,20.82,246152341
01-06-2023,20.82,20.99,20.43,20.51,209047110
02-06-2023,20.51,21.37,20.32,21.26,237609887
03-06-2023,21.26,21.36,20.99,21.21,144933830
04-06-2023,21.21,22.31,21.05,21.82,317802167
05-06-2023,21.82,22.06,19.23,20.02,594214946
06-06-2023,20.02,20.7,19.26,20.4,441408235
07-06-2023,20.4,20.54,18.53,18.63,390444801
08-06-2023,18.63,19.1,18.26,18.89,258460307
09-06-2023,18.89,19.36,17.11,17.4,463344687
10-06-2023,17.4,17.41,13.13,15.64,1230339924
11-06-2023,15.64,16.17,15.13,15.55,446176848
12-06-2023,15.55,15.68,14.75,15.18,384209938
13-06-2023,15.18,15.99,14.77,15.03,363876713
14-06-2023,15.03,15.35,14.12,14.48,296502336
15-06-2023,14.48,15.05,14.17,14.77,329864409
16-06-2023,14.77,15.45,14.43,15.32,232544705
17-06-2023,15.32,16.1,15.16,15.65,206436912
18-06-2023,15.65,15.84,15.31,15.43,141612316
19-06-2023,15.43,16.13,15.36,16.1,163949883
20-06-2023,16.1,16.68,15.73,16.65,265787114
21-06-2023,16.65,17.41,16.57,17.24,357788986
22-06-2023,17.24,17.74,16.58,16.64,299233520
23-06-2023,16.64,17.55,16.19,17.15,386994632
24-06-2023,17.15,17.53,16.43,16.66,260480952
25-06-2023,16.66,17.38,16.58,16.97,252839095
26-06-2023,16.97,17.12,15.95,16.28,275948459
27-06-2023,16.28,16.93,16.14,16.63,259041273
28-06-2023,16.63,16.64,15.7,15.98,327399744
29-06-2023,15.98,18.27,15.87,17.99,737633196
30-06-2023,17.99,19.99,17.11,18.86,1120379648
01-07-2023,18.86,19.01,17.91,18.71,349552752
02-07-2023,18.71,19.73,18.55,19.46,497231250
03-07-2023,19.46,19.65,18.87,19.27,324227812
04-07-2023,19.27,19.94,19.08,19.15,345225951
05-07-2023,19.15,19.39,18.45,19,260416081
06-07-2023,19,20.97,18.75,19.61,903770571
07-07-2023,19.61,21.7,19.27,21.51,988591308
08-07-2023,21.51,22.46,21.32,21.82,693929963
09-07-2023,21.82,22.35,21.01,21.33,405174806
10-07-2023,21.33,21.8,20.51,21.3,543191863
11-07-2023,21.3,22.34,21.22,22.07,453810523
12-07-2023,22.07,22.74,21.77,21.93,541605988
13-07-2023,21.93,26.79,21.44,26.02,1527996472
14-07-2023,26.02,32.06,25.25,26.7,2184090884
15-07-2023,26.7,29.1,26.51,27.45,1323279744
16-07-2023,27.45,28.61,26.54,27.43,753056132
17-07-2023,27.43,28.47,25.61,26.83,970813262
18-07-2023,26.83,27.09,24.76,25.56,696782373
19-07-2023,25.56,26.99,25.37,26.31,603189951
20-07-2023,26.31,27.35,25.05,25.36,606255421
21-07-2023,25.36,26.01,25.07,25.51,410907584
22-07-2023,25.51,25.97,24.09,24.52,335432006
23-07-2023,24.52,25.25,24.16,24.76,330741258
24-07-2023,24.76,24.83,22.87,23.37,492344649
25-07-2023,23.37,24,22.75,23.29,346742173
26-07-2023,23.29,25.65,23.18,25.18,688135176
27-07-2023,25.18,25.65,24.68,25.1,514211484
28-07-2023,25.1,25.52,24.52,24.81,374045446
29-07-2023,24.81,25.38,24.74,25.16,265061245
30-07-2023,25.16,25.21,23.55,24.25,365262222
31-07-2023,24.25,24.79,23.54,23.72,376948332
01-08-2023,23.72,24.05,22.81,24.05,428254164
02-08-2023,24.05,24.27,22.87,23.14,393185796
03-08-2023,23.14,23.38,22.49,22.62,365983702
04-08-2023,22.62,23.55,22.5,22.77,382245804
05-08-2023,22.77,22.91,22.22,22.63,250613466
06-08-2023,22.63,23.44,22.57,23.18,320595154
07-08-2023,23.18,23.61,22.33,23.11,353804981
08-08-2023,23.11,24.77,23.01,24.21,495649796
09-08-2023,24.21,25,24.1,24.37,447009018
10-08-2023,24.37,24.88,24.11,24.59,339616018
11-08-2023,24.59,24.89,24.32,24.61,314045619
12-08-2023,24.61,25.18,24.38,24.91,253389584
13-08-2023,24.91,24.94,24.19,24.21,263449955
14-08-2023,24.21,25.28,24.05,25.17,359715099
15-08-2023,25.17,25.34,23.72,23.88,424193111
16-08-2023,23.88,24,22.38,22.79,441171937
17-08-2023,22.79,23.4,20.27,21.69,620931325
18-08-2023,21.69,22.19,20.92,21.33,411279768
19-08-2023,21.33,22.16,21.29,21.89,244048976
20-08-2023,21.89,22.03,21.58,21.77,198853112
21-08-2023,21.77,21.77,20.35,21.2,339125910
22-08-2023,21.2,21.27,19.37,20.56,381594696
23-08-2023,20.56,21.81,20.38,21.73,404686524
24-08-2023,21.73,22.02,20.68,21.05,328472951
25-08-2023,21.05,21.05,20.08,20.42,278312420
26-08-2023,20.42,20.43,20.18,20.28,144065112
27-08-2023,20.28,20.9,20.23,20.79,177496132
28-08-2023,20.79,20.79,20.03,20.55,200600033
29-08-2023,20.55,22.02,20.11,21.79,469679540
30-08-2023,21.79,21.99,20.61,20.82,292322455
31-08-2023,20.82,21.05,19.43,19.73,343649256
01-09-2023,19.73,19.92,19.03,19.32,286842939
02-09-2023,19.32,19.68,19.14,19.49,200858690
03-09-2023,19.49,19.66,19.24,19.57,164570332
04-09-2023,19.57,20.02,19.18,19.51,220024399
05-09-2023,19.51,20.57,19.04,20.26,387328289
06-09-2023,20.26,20.37,19.15,19.64,313630984
07-09-2023,19.64,19.99,19.32,19.91,242438252
08-09-2023,19.91,20.28,19.36,19.61,219114497
09-09-2023,19.61,19.61,19.37,19.44,101925453
10-09-2023,19.44,19.44,17.81,18.24,520683204
11-09-2023,18.24,18.45,17.36,17.72,380225621
12-09-2023,17.72,18.78,17.57,17.92,361388393
13-09-2023,17.92,18.56,17.69,18.4,356729875
14-09-2023,18.4,19.32,18.4,18.86,349380172
15-09-2023,18.86,19.49,18.56,19.14,205202282
16-09-2023,19.14,19.44,18.88,19.13,146477836
17-09-2023,19.13,19.14,18.66,18.82,112594680
18-09-2023,18.82,20.14,18.61,19.66,316245106
19-09-2023,19.66,20.38,19.58,20.04,253895801
20-09-2023,20.04,20.51,19.81,20.29,233206126
21-09-2023,20.29,20.3,19.28,19.46,253809695
22-09-2023,19.46,19.79,19.17,19.42,170874161
23-09-2023,19.42,19.57,19.29,19.48,97379053
24-09-2023,19.48,19.67,19.22,19.36,115380619
25-09-2023,19.36,19.74,19.1,19.39,163848456
26-09-2023,19.39,19.51,18.84,19.02,170201883
27-09-2023,19.02,19.46,18.74,19.12,210385139
28-09-2023,19.12,20.03,19.09,19.98,225954938
29-09-2023,19.98,20.45,19.86,20.27,219571069
30-09-2023,20.27,21.79,20.09,21.36,328987954
01-10-2023,21.36,24.46,21.14,23.86,637123111
02-10-2023,23.86,24.74,22.92,23.36,658084028
03-10-2023,23.36,24.73,23.23,23.61,653491878
04-10-2023,23.61,23.83,22.61,23.14,429268875
05-10-2023,23.14,23.88,22.59,22.69,361288781
06-10-2023,22.69,23.76,22.67,23.43,402665506
07-10-2023,23.43,24.18,23.11,23.31,278403509
08-10-2023,23.31,23.64,23.09,23.24,190670414
09-10-2023,23.24,23.37,21.65,22.1,356967743
10-10-2023,22.1,22.48,21.71,22.11,241087146
11-10-2023,22.11,22.4,21.61,22.01,278925381
12-10-2023,22.01,22.03,20.96,21.29,283320977
13-10-2023,21.29,22.19,21.11,21.84,269268807
14-10-2023,21.84,22.23,21.81,22,174004594
15-10-2023,22,22.17,21.67,21.94,178940996
16-10-2023,21.94,24.79,21.91,23.97,726713710
17-10-2023,23.97,24.55,23.49,23.95,520830665
18-10-2023,23.95,24.41,23.36,23.42,362606644
19-10-2023,23.42,25.62,23.15,24.94,663249208
20-10-2023,24.94,27.43,24.75,27.04,910991447
21-10-2023,27.04,30.27,26.67,29.33,1160814433
22-10-2023,29.33,30.01,28.1,29.05,665340924
23-10-2023,29.05,32.73,28.76,31.92,1581590969
24-10-2023,31.92,32.58,29.53,30.18,1450364573
25-10-2023,30.18,33.87,30.01,32.44,1458706203
26-10-2023,32.44,33.26,30.73,32.77,1015617285
27-10-2023,32.77,33.34,31.31,31.74,870812666
28-10-2023,31.74,32.51,31.41,31.65,380462073
29-10-2023,31.65,33.16,31.31,32.84,507672244
30-10-2023,32.84,35.31,32.47,34.95,1099930941
31-10-2023,34.95,38.6,34.85,38.43,1577034191
01-11-2023,38.43,46.84,37.95,41.17,3630725002
02-11-2023,41.17,44.56,38.67,40.25,2583692673
03-11-2023,40.25,40.25,38.05,39.48,1755955299
04-11-2023,39.48,42.75,39.02,42.44,1454107898
05-11-2023,42.44,42.86,40.3,41.2,884855278
06-11-2023,41.2,42.21,39.7,42.17,1010459088
07-11-2023,42.17,44.74,40.12,42.95,1780187159
08-11-2023,42.95,43.87,42.28,43.13,1009177437
09-11-2023,43.13,48.87,42.53,45.31,2830770419
10-11-2023,45.31,57.63,45.08,56.72,3795204638
11-11-2023,56.72,63.93,53.63,56.34,4182963132
12-11-2023,56.34,61.88,54.54,56.3,2987356952
13-11-2023,56.3,59.83,51.6,51.61,2942685126
14-11-2023,51.61,57.93,51.31,56.83,3195616616
15-11-2023,56.83,67.14,56.16,65.5,3793937162
16-11-2023,65.5,68.16,56.39,57.78,3922608772
17-11-2023,57.78,60.54,54.13,58.54,3185454735
18-11-2023,58.54,59.38,54.74,58.58,1942321169
19-11-2023,58.58,62.18,56.67,61.13,1998656461
20-11-2023,61.13,61.34,56.04,56.6,1937313546
21-11-2023,56.6,57.39,51.31,51.66,2440890238
22-11-2023,51.66,58.93,51.49,57.58,1985653842
23-11-2023,57.58,59.56,56.16,56.46,1379316733
24-11-2023,56.46,58.76,56.19,56.86,1146346831
25-11-2023,56.86,59.76,55.91,58.83,1183793273
26-11-2023,58.83,59.06,56.18,57.57,871154750
27-11-2023,57.57,58.05,53.5,55.07,1237763215
28-11-2023,55.07,58.7,53.95,58.21,1412314015
29-11-2023,58.21,61.79,57.75,59.29,1941361674
30-11-2023,59.29,61.69,58.77,59.28,1263841021
01-12-2023,59.28,61.89,58.64,59.78,1376669760
02-12-2023,59.78,63.92,59.7,63.71,1346327049
03-12-2023,63.71,65.54,62.27,63,1368876645
04-12-2023,63,65.24,59.47,61.58,2211865569
05-12-2023,61.58,62.56,59.14,61.01,1693517649
06-12-2023,61.01,66.61,61.01,61.86,3030993886
07-12-2023,61.86,69.41,61.65,67.78,3002455075
08-12-2023,67.78,75.3,67.78,74.94,3612712432
09-12-2023,74.94,77.75,71.63,72.25,2893248364
10-12-2023,72.25,74.87,70.67,74.81,1849363354
11-12-2023,74.81,74.93,65.87,70.24,3729540309
12-12-2023,70.24,72.44,65.75,68.54,2366453484
13-12-2023,68.54,73.26,63.76,70.63,2414610075
14-12-2023,70.63,76.23,68.45,75.68,2464938440
15-12-2023,75.68,79.44,72.09,72.52,2821390652
16-12-2023,72.52,77.17,71.18,73.67,1781972898
17-12-2023,73.67,74.9,70.42,70.77,1552380672
18-12-2023,70.77,75.46,67.08,74.41,2281865174
19-12-2023,74.41,76.3,71.78,73.02,1900875405
20-12-2023,73.02,84.12,72.96,82.23,3745738278
21-12-2023,82.23,95.61,81.09,93.89,4711493441
22-12-2023,93.89,99.54,90.34,98.01,5284203995
23-12-2023,98.01,110,92.93,107.95,3957434568
24-12-2023,107.95,118.04,107.41,112.54,6365529251
25-12-2023,112.54,125.95,108.04,120.95,5951791518
26-12-2023,120.95,121.32,102.17,112.48,6117657160
27-12-2023,112.48,115.32,104.83,106.93,4267938569
28-12-2023,106.93,109.66,97.11,101.85,4492625126
29-12-2023,101.85,109.92,99.56,106.19,4445797973
30-12-2023,106.19,107.42,100.74,101.9,1863177830
31-12-2023,101.9,105.14,99.44,101.73,1748630533
01-01-2024,101.73,110.25,101.48,110.02,2157671990
02-01-2024,110.02,117,106.05,106.76,3782057553
03-01-2024,106.76,109.96,84.21,98.59,5472216595
04-01-2024,98.59,108.13,96.77,105.02,3272723247
05-01-2024,105.02,105.48,95.4,100.01,3022127826
06-01-2024,100.01,100.31,91.66,93.83,2235902092
07-01-2024,93.83,96.81,87.87,89.49,2288061692
08-01-2024,89.49,99.98,85.49,98.01,4152448360
09-01-2024,98.01,104.15,95.45,99.45,4070131683
10-01-2024,99.45,105.6,92.23,102.01,4216429514
11-01-2024,102.01,107.19,97.55,99.9,4174026719
12-01-2024,99.9,100.47,86.94,92.06,2868799888
13-01-2024,92.06,97.29,89.53,95.84,1880329065
14-01-2024,95.84,104.4,93.68,93.8,2736734725
15-01-2024,93.8,96.89,93.01,94.32,1755858499
16-01-2024,94.32,98.69,94.1,97.59,1806576879
17-01-2024,97.59,102.7,96.72,102.07,3220344763
18-01-2024,102.07,103.45,91.48,94.31,2684524713
19-01-2024,94.31,95.34,87.02,93.59,2631067383
20-01-2024,93.59,94.13,90.17,92.75,1204443546
21-01-2024,92.75,93.85,90.74,91,894963197
22-01-2024,91,91.83,82.01,83.74,2662287481
23-01-2024,83.74,85.87,78.91,84.29,2990436327
24-01-2024,84.29,89.37,83.29,88.74,2352477736
25-01-2024,88.74,89.54,85.07,86.86,1674093024
26-01-2024,86.86,93.68,85.91,92.23,2027305107
27-01-2024,92.23,94.62,90.69,94.26,1256585307
28-01-2024,94.26,99.42,93.48,95.97,2425625612
29-01-2024,95.97,101.95,95.07,101.67,2604890575
30-01-2024,101.67,106.39,100.99,101.4,3328090833
31-01-2024,101.4,102.72,95.89,96.89,3814467068
01-02-2024,96.89,98.84,93.02,97.78,2951395444
02-02-2024,97.78,102.47,97.4,100.51,2574044077
03-02-2024,100.51,101.15,96.62,97.9,1349320819
04-02-2024,97.9,98.51,95.08,95.42,1304106726
05-02-2024,95.42,98.57,94.14,95.5,1635327054
06-02-2024,95.5,97.87,93.1,96.85,1699997346
07-02-2024,96.85,101.5,94.6,101.11,1733607189
08-02-2024,101.11,105.13,100.54,102.79,2288429230
09-02-2024,102.79,109.13,102.79,106.96,2852770180
10-02-2024,106.96,110.97,106.94,109.07,1836561570
11-02-2024,109.07,110.68,107.33,107.48,1370383843
12-02-2024,107.48,112.24,103.46,111.73,2650731894
13-02-2024,111.73,115.1,108.36,112.57,2709494768
14-02-2024,112.57,118.71,110.7,117.11,2391239729
15-02-2024,117.11,118.44,111.61,113.61,2471486178
16-02-2024,113.61,114.28,108.03,110.4,1921299579
17-02-2024,110.4,111.13,105.68,108.96,1370606631
18-02-2024,108.96,114.05,107.57,112.24,1516321334
19-02-2024,112.24,114.86,110.83,111.55,1898655220
20-02-2024,111.55,112.1,103.88,108.35,2656976089
21-02-2024,108.35,108.38,100.22,105.06,2246861647
22-02-2024,105.06,107.07,101.48,101.69,1830636004
23-02-2024,101.69,103.05,98.71,99.89,1483285120
24-02-2024,99.89,104.74,98.5,104.04,1083637514
25-02-2024,104.04,104.38,102.08,103.47,909662462
26-02-2024,103.47,110.82,100.32,109.97,2334408023
27-02-2024,109.97,112.48,105.4,108.42,2723995106
28-02-2024,108.42,118.98,107.38,118.98,5029492553
29-02-2024,118.98,134.67,117.35,125.7,6950123902
01-03-2024,125.7,137.78,125.69,129.52,4743077738
02-03-2024,129.52,131.68,127.44,130.15,2741772676
03-03-2024,130.15,132.19,124.87,130.25,2875614168
04-03-2024,130.25,134.99,127.68,133.36,4429758300
05-03-2024,133.36,142.73,109.61,125.58,8980294607
06-03-2024,125.58,134.92,120.3,130.89,5146680159
07-03-2024,130.89,149.62,130.71,144.07,7111178325
08-03-2024,144.07,152.94,142.01,145.11,5474659974
09-03-2024,145.11,149.44,144.02,144.58,2946261381
10-03-2024,144.58,148.71,140.67,144.56,3407621981
11-03-2024,144.56,150.14,137.06,148.87,5383624184
12-03-2024,148.87,154.99,141.84,151.05,6413617983
13-03-2024,151.05,166.88,148.82,163.93,5917471836
14-03-2024,163.93,178.29,159.2,176.64,8399967972
15-03-2024,176.64,188.85,164.95,183.84,14093348410
16-03-2024,183.84,197.8,176.91,181.95,11794134069
17-03-2024,181.95,204.17,178.58,201.69,10876218562
18-03-2024,201.69,209.86,193.87,195.91,11137647410
19-03-2024,195.91,198.63,165.62,169.91,11658593922
20-03-2024,169.91,193.24,162.49,191.92,8673957460
21-03-2024,191.92,195.72,175.88,179.44,5613811275
22-03-2024,179.44,181.81,167.64,175.17,4150938142
23-03-2024,175.17,178.93,170.28,172.72,2711581881
24-03-2024,172.72,186.75,171.44,183.79,2661231893
25-03-2024,183.79,194.53,181.02,189.01,4066489821
26-03-2024,189.01,196.81,186.31,190.47,3520179571
27-03-2024,190.47,192.63,180.1,186.23,3844985014
28-03-2024,186.23,190.93,180.77,189.67,2910414256
29-03-2024,189.67,193.04,183.31,192.19,3031009580
30-03-2024,192.19,199.96,190.97,194.28,2999311846
31-03-2024,194.28,203.1,193.84,202.43,2342185476
01-04-2024,202.43,204.24,187.09,192.35,3872515434
02-04-2024,192.35,192.37,175.94,181.52,4553269015
03-04-2024,181.52,191.96,177.05,185.14,4160370221
04-04-2024,185.14,190.17,180.32,184.09,4101220964
05-04-2024,184.09,185.17,168.07,174.46,7398400404
06-04-2024,174.46,179.78,173.65,178.74,4672922789
07-04-2024,178.74,182.66,176.92,179.52,1854793003
08-04-2024,179.52,184.59,175.38,180.69,2744377905
09-04-2024,180.69,180.87,168.99,172.32,2688188866
10-04-2024,172.32,175.48,162.41,173.35,3344074648
11-04-2024,173.35,176.27,170.11,172.43,2712334365
12-04-2024,172.43,175.93,143.03,153.29,4727185451
13-04-2024,153.29,154.93,119.92,138.51,8976793985
14-04-2024,138.51,152.73,130.98,151.45,7110974218
15-04-2024,151.45,156.1,133.77,138.59,5699439234
16-04-2024,138.59,140.62,126.6,136.27,5156084639
17-04-2024,136.27,142.72,126.91,131.89,4888546522
18-04-2024,131.89,143.88,127.74,142.1,4193561506
19-04-2024,142.1,147.57,128.54,142.53,5857667913
20-04-2024,142.53,152.39,139.82,151.28,2795892211
21-04-2024,151.28,153.53,146.77,148.78,2211663291
22-04-2024,148.78,158.47,146.85,157.03,2959650502
23-04-2024,157.03,160,153.18,154.68,2750685937
24-04-2024,154.68,159.74,145.54,147.72,3932336720
25-04-2024,147.72,149.44,142.11,144.85,3674969172
26-04-2024,144.85,146.06,138.68,139.16,2564389027
27-04-2024,139.16,142.96,133.18,141.23,2373155947
28-04-2024,141.23,144.58,137.11,137.97,1959005342
29-04-2024,137.97,138.89,133.42,137.74,2464951751
30-04-2024,137.74,139.72,121.13,126.68,3407320371
01-05-2024,126.68,135.81,118.58,134.49,4136407963
02-05-2024,134.49,140.69,128.18,137.62,3380078368
03-05-2024,137.62,145.02,134.03,143.73,3216962298
04-05-2024,143.73,149.07,142.36,146.05,3050187811
05-05-2024,146.05,147.98,143.15,145.73,2034794725
06-05-2024,145.73,156.84,145.48,152.82,2926902880
07-05-2024,152.82,159.2,148,148.03,2687619013
08-05-2024,148.03,149.89,139.98,142.15,2502237557
09-05-2024,142.15,153.29,140.59,152.57,2249863780
10-05-2024,152.57,155.68,144.6,146.03,2471594251
11-05-2024,146.03,147.61,143.11,145.37,1243751505
12-05-2024,145.37,147.64,142.61,143.39,936690341
13-05-2024,143.39,150.7,137.88,147.47,2556255769
14-05-2024,147.47,150.35,141.79,141.97,2586166419
15-05-2024,141.97,158.82,141.25,158.57,3585715674
16-05-2024,158.57,164.72,156.7,159.34,3498272951
17-05-2024,159.34,172.05,159.34,169.5,3371355809
18-05-2024,169.5,175.96,168.73,172.47,2479657643
19-05-2024,172.47,175.37,166.2,169.94,2300080451
20-05-2024,169.94,188.29,167.76,186.75,4636864705
21-05-2024,186.75,188.83,174.32,178.15,4568414163
22-05-2024,178.15,183.39,175.03,176.86,3833758536
23-05-2024,176.86,180.9,165.8,176.09,5117258940
24-05-2024,176.09,176.09,162.5,167.7,4013502065
25-05-2024,167.7,170.46,165.96,168.33,1875205755
26-05-2024,168.33,168.36,160.63,163.26,2543881488
27-05-2024,163.26,172.09,163.23,170.01,2745440475
28-05-2024,170.01,173.07,164.8,168.53,3342283019
29-05-2024,168.53,173.75,167.07,168.11,2852496248
30-05-2024,168.11,172.51,163.52,166.86,2932316784
31-05-2024,166.86,170.84,163.8,165.52,2415920333
01-06-2024,165.52,167.79,165.5,165.99,1058869941
02-06-2024,165.99,166.95,161.31,163.04,1562269041
03-06-2024,163.04,167.14,161.54,164.89,2182487608
04-06-2024,164.89,171.87,164.37,171.81,2057558426
05-06-2024,171.81,175.57,171.12,173.57,2405906612
06-06-2024,173.57,174.51,167.64,170.07,1965442993
07-06-2024,170.07,172.64,153.73,162.48,3298527575
08-06-2024,162.48,163.73,157.36,157.79,1722237785
09-06-2024,157.79,162.97,156.55,162.1,1475878151
10-06-2024,162.1,163.19,157.46,158.98,1815361482
11-06-2024,158.98,159.63,145.04,149.36,2812642453
12-06-2024,149.36,161.8,145.51,155.17,2853692260
13-06-2024,155.17,155.17,146,147.24,2085097655
14-06-2024,147.24,148.9,139.62,143.01,2330458883
15-06-2024,143.01,145.63,142.88,145.45,1065293341
16-06-2024,145.45,151.21,143.01,151.2,1147997523
17-06-2024,151.2,151.65,139.84,143.23,2244770232
18-06-2024,143.23,143.71,128.22,137.37,4046511952
19-06-2024,137.37,141.86,134.48,135.62,2241396569
20-06-2024,135.62,141.26,131.84,133.48,2343938226
21-06-2024,133.48,135.3,128.65,134.55,2214701928
22-06-2024,134.55,136.64,132.95,133.66,948392979
23-06-2024,133.66,135.04,128.1,128.59,1063910411
24-06-2024,128.59,132.54,122.23,132.26,3420423301
25-06-2024,132.26,139.87,131.16,136.54,2517391150
26-06-2024,136.54,140.35,134.73,136.71,1670038554
27-06-2024,136.71,151.07,135.11,149.49,2831651846
28-06-2024,149.49,150.54,138.75,139.73,2396070692
29-06-2024,139.73,142.94,139.49,139.97,1139066175
30-06-2024,139.97,147.38,136.94,146.4,1567841881
01-07-2024,146.4,149.06,145.69,146.52,1814659116
02-07-2024,146.52,154.78,146.01,153.79,2024773533
03-07-2024,153.79,154.22,139.02,140.69,2813419415
04-07-2024,140.69,142.6,127.19,127.81,3243822145
05-07-2024,127.81,136.35,121.19,134.33,4644036182
06-07-2024,134.33,144.2,132.4,143.07,2078535871
07-07-2024,143.07,143.34,131.2,131.59,1842515124
08-07-2024,131.59,141.86,127.87,139.78,3692404575
09-07-2024,139.78,144.22,136.47,141.42,2418798702
10-07-2024,141.42,146.26,138.61,142.01,1952272010
11-07-2024,142.01,145.93,135.7,135.71,2286890972
12-07-2024,135.71,140.64,133.99,139.55,1990173458
13-07-2024,139.55,143.58,138.04,141.95,1131518484
14-07-2024,141.95,148.58,141.94,147.72,2009294488
15-07-2024,147.72,160.06,147.11,159.54,2580623500
16-07-2024,159.54,162.61,152.66,160.65,3034234774
17-07-2024,160.65,163.8,154.61,155.5,2255652667
18-07-2024,155.5,161.61,155.2,159.2,2044591406
19-07-2024,159.2,172.37,156.21,169.2,3617009839
20-07-2024,169.2,175.03,167.34,173.68,1908476088
21-07-2024,173.68,185.03,170.56,184.5,3080452915
22-07-2024,184.5,184.92,176.81,178.98,2808509242
23-07-2024,178.98,180.59,170.49,172.93,3230351478
24-07-2024,172.93,182.49,171,178.03,3112174836
25-07-2024,178.03,179.58,165.37,171.83,4067186719
26-07-2024,171.83,183.62,171.75,183.08,2816314095
27-07-2024,183.08,188.28,178.16,183.77,3248901126
28-07-2024,183.77,186.62,181.19,184.91,1852374783
29-07-2024,184.91,193.87,181.63,182.52,3654304391
30-07-2024,182.52,184.63,175.39,179.1,2766172800
31-07-2024,179.1,184.39,171.58,171.64,3055204208
01-08-2024,171.64,172.88,157.79,167.26,4402828194
02-08-2024,167.26,169.28,149.82,152.58,4507521137
03-08-2024,152.58,153.8,139.84,142.46,3620526646
04-08-2024,142.46,145.96,131.31,138.24,4333596296
05-08-2024,138.24,139.24,110.02,129.81,14114308949
06-08-2024,129.81,149.54,129.44,144.51,5813459735
07-08-2024,144.51,155.05,142.36,144.71,5529725414
08-08-2024,144.71,163.66,141.45,163.18,5385642745
09-08-2024,163.18,163.56,150.84,156.32,3217916997
10-08-2024,156.32,158.77,152.67,154.05,1662980960
11-08-2024,154.05,157.99,141.26,141.57,2411765937
12-08-2024,141.57,150.97,141.27,146.37,3380174341
13-08-2024,146.37,149.88,143.01,146.71,2224488388
14-08-2024,146.71,152.17,142.48,143.79,2714536693
15-08-2024,143.79,147.58,137.86,142.57,3032770371
16-08-2024,142.57,144.85,136.12,139.1,2707615564
17-08-2024,139.1,142,137.69,141.94,1199702073
18-08-2024,141.94,147.07,140.65,142.45,1866239536
19-08-2024,142.45,146.2,140.46,144.34,2077549615
20-08-2024,144.34,148.86,141.03,142.3,2124392770
21-08-2024,142.3,144.41,138.87,142.8,1923259439
22-08-2024,142.8,144.86,140.72,143.25,1368400829
23-08-2024,143.25,154.1,142.81,153.36,2560976300
24-08-2024,153.36,162.32,152.08,160.72,2749419604
25-08-2024,160.72,161.98,155.33,158.99,2085078554
26-08-2024,158.99,161.97,155.64,157.15,2588808155
27-08-2024,157.15,159.69,145.08,146.85,2783392784
28-08-2024,146.85,148.78,140.59,143.93,2932401182
29-08-2024,143.93,147.33,138.15,140.05,2098251665
30-08-2024,140.05,141.1,132.14,138,2683385690
31-08-2024,138,139.16,134.55,135.34,892155699
01-09-2024,135.34,136.08,127.83,128.53,1974170865
02-09-2024,128.53,135.37,127.02,134.96,2092221241
03-09-2024,134.96,137.39,127.09,127.52,1787700523
04-09-2024,127.52,134.95,122.73,133.61,2663812153
05-09-2024,133.61,135.41,127.93,129.39,1926178088
06-09-2024,129.39,134.34,120.62,125.02,3520537699
07-09-2024,125.02,129.46,124.15,127.7,1321261949
08-09-2024,127.7,131.64,126.64,130.1,1317794291
09-09-2024,130.1,137.05,127,135.08,2443769044
10-09-2024,135.08,137.95,132.57,135.63,1642358500
11-09-2024,135.63,135.9,128.22,132.43,2122617674
12-09-2024,132.43,136.72,132.4,136.07,1597055803
13-09-2024,136.07,139.89,131.76,139.14,1668690414
14-09-2024,139.14,139.87,135.7,137.17,952465288
15-09-2024,137.17,137.96,130.53,131.42,1358403273
16-09-2024,131.42,132.33,128.91,131.45,1623218789
17-09-2024,131.45,135.52,130.34,131.56,1726861492
18-09-2024,131.56,134.41,127.15,134.34,2260675347
19-09-2024,134.34,144,134.32,142.9,2884543933
20-09-2024,142.9,152.36,141.23,146.66,3241123621
21-09-2024,146.66,149.85,144.65,149.46,1385610390
22-09-2024,149.46,149.9,141.18,144.68,1597826979
23-09-2024,144.68,149.05,142.19,144.77,2344229720
24-09-2024,144.77,153.93,143.13,152.72,2927238360
25-09-2024,152.72,153.88,147.3,147.97,2138602628
26-09-2024,147.97,158.03,146.59,155.58,3009969111
27-09-2024,155.58,161.24,154.01,157.64,2765830721
28-09-2024,157.64,159.4,155.08,156.78,1300870644
29-09-2024,156.78,160.77,155.12,160.01,1773980028
30-09-2024,158.47,159.77,151.73,152.49,2376780676
01-10-2024,152.51,157.34,142.29,145.13,3656164855
02-10-2024,145.12,148.96,138.61,140.18,2892264150
03-10-2024,140.18,142.96,133.11,136.82,2914986844
04-10-2024,136.81,144.55,135.95,143.24,2361841303
05-10-2024,143.24,144.93,141.06,142.59,1113937760
06-10-2024,142.59,146.75,142,146.48,1168715645
07-10-2024,146.47,152.4,143.5,143.96,2678803498
08-10-2024,143.97,145.6,141.17,143.49,1710617951
09-10-2024,143.5,145.34,138.66,139.33,1697499287
10-10-2024,139.33,140.92,135.52,139.03,1770157917
11-10-2024,139.04,146.62,138.68,145.53,1797846253
12-10-2024,145.52,147.32,144.71,146.4,1118630507
13-10-2024,146.39,148.86,144.45,147.74,1294444111
14-10-2024,147.74,158.1,146.8,157.59,2929339176
15-10-2024,157.59,159.73,150.3,154.76,3451652506
16-10-2024,154.76,158.41,153,154.28,2397546608
17-10-2024,154.28,155.73,147.66,150.5,2157747733
18-10-2024,150.5,156.65,149.56,154.94,1754226839
19-10-2024,154.93,159.85,153.45,159.79,1440375026
20-10-2024,159.79,167.94,157.58,167.4,2579198899
21-10-2024,167.4,171.76,160.99,166.17,3924173188
22-10-2024,166.16,170.99,162.99,167.59,3470792372
23-10-2024,167.6,174.3,164.13,170.85,3861697575
24-10-2024,170.86,179.3,170.5,177.19,3529481044
25-10-2024,177.19,177.6,159.12,164.9,4869966180
26-10-2024,164.91,173.25,162.43,170.88,2755373492
27-10-2024,170.87,178.27,170.26,176.63,2427933420
28-10-2024,176.63,179.8,172.45,178.29,3623055701
29-10-2024,178.28,183.38,176.41,179.42,3919545873
30-10-2024,179.43,181.36,173.01,174.87,2772422773
31-10-2024,174.87,176.56,167.56,168.69,2652620406
01-11-2024,168.69,174,163.43,166.1,3157093060
02-11-2024,166.11,168.61,162.11,166.17,1618170398
03-11-2024,166.16,166.61,157.82,162.53,2645801646
04-11-2024,162.52,165.04,155.11,157.95,2809006700
05-11-2024,157.95,169.3,156.86,166.62,3243848057
06-11-2024,166.63,190.01,166.4,186.59,9822932731
07-11-2024,186.59,197.84,185.84,196.35,4700842780
08-11-2024,196.36,205,195.64,199.85,5673142495
09-11-2024,199.86,203.45,194.86,199.89,3363617004
10-11-2024,199.89,215.27,198.68,210.07,8564655765
11-11-2024,210.07,224,204.16,222.13,10290809023
12-11-2024,222.12,225.21,204.71,211.64,11308516682
13-11-2024,211.63,220.44,200.67,215.13,11296665808
14-11-2024,215.14,222.8,206.78,209.57,8094554275
15-11-2024,209.57,220.5,204.48,218.45,6109860311
16-11-2024,218.44,221.99,213.35,215.71,4698955745
17-11-2024,215.72,242.33,212.1,237.47,9981076722
18-11-2024,237.47,248.44,234.01,239.79,8798714213
19-11-2024,239.79,247.5,233.4,237.63,6711919414
20-11-2024,237.64,242.54,230.37,235.48,6454141445
21-11-2024,235.48,259.8,229.6,256.37,10735314060
22-11-2024,256.38,264.39,251.47,256.9,7249493783
23-11-2024,256.9,264,252.69,254.89,6234742858
24-11-2024,254.9,259.78,240.93,252.73,5330146683
25-11-2024,252.74,256.7,231.21,234.18,6616015635
26-11-2024,234.18,239.66,221.8,230.69,6996936265
27-11-2024,230.69,243.33,227.51,241.96,5381404312
28-11-2024,241.96,245.28,232.8,237.59,4047310070
29-11-2024,237.58,246.77,236.55,243.33,4152396835
30-11-2024,243.33,245.4,237.5,237.6,3549156564
01-12-2024,237.6,239.89,234.1,236.8,3726118866
02-12-2024,236.79,238.2,220,225.72,7374176295
03-12-2024,225.73,239.6,215,233.92,8404095315
04-12-2024,233.92,241,224.67,229.15,6569129896
05-12-2024,229.15,244.77,222.95,235.84,8820663279
06-12-2024,235.84,247,230.92,236.87,6726557034
07-12-2024,236.87,243.61,234.12,238.14,4003422914
08-12-2024,238.14,241.51,233.22,237.02,3204778349
09-12-2024,237.02,237.28,203,216.63,8610208198
10-12-2024,216.62,221.06,203.21,213.6,8419973004
11-12-2024,213.6,230.65,211.51,227.29,5615074058
12-12-2024,227.29,234.69,225.67,226.96,4935392005
13-12-2024,226.95,228.44,220.6,224.79,4029626623
14-12-2024,224.79,227.51,215.13,219.93,2925240730
15-12-2024,219.94,225.5,215.68,224.27,2969473030
16-12-2024,224.26,227.56,213.26,216.19,5071129914
17-12-2024,216.19,228.95,211.36,223.15,6445051900
18-12-2024,223.16,226.04,204.8,206.53,6888988933
19-12-2024,206.53,212.14,187,193.81,8043974299
20-12-2024,193.82,199.81,175.26,194.48,9600073165
21-12-2024,194.48,201.98,178.3,181.45,5368845730
22-12-2024,181.46,187.87,176.88,180.52,4001292417
23-12-2024,180.53,193.48,176.48,190.11,4922594345
24-12-2024,190.12,199,186.13,197.09,3412375255
25-12-2024,197.09,201.85,195,197.44,2688415733
26-12-2024,197.45,199.71,186.54,188.46,2864701219
27-12-2024,188.46,194.39,182.74,184.22,2788285851
28-12-2024,184.22,196.1,183.82,195.5,2158687217
29-12-2024,195.5,197.71,188.57,189.94,2165753102
30-12-2024,189.94,196.47,185.89,191.38,3246300054
31-12-2024,191.37,199.27,188.04,189.31,3276526561
01-01-2025,189.31,195.33,188,194.28,2324231668
02-01-2025,194.28,210.48,193.43,208.31,4230329837
03-01-2025,208.3,219.83,205.63,217.99,4064420852
04-01-2025,218,218.18,213.54,216.67,2432220391
05-01-2025,216.67,219.05,211.46,213.41,2403765299
06-01-2025,213.41,223.18,211.56,218.22,3408034919
07-01-2025,218.22,219.11,201.8,202.17,4360983978
08-01-2025,202.17,203.28,188.34,197.48,5028291858
09-01-2025,197.48,199.06,182,184.95,3815664216
10-01-2025,184.96,193.02,183.51,187.68,3739014100
11-01-2025,187.69,191.91,184.01,188.09,2174290937
12-01-2025,188.09,191,185.17,188.51,1544086708
13-01-2025,188.5,191.99,168.88,182.87,5225490858
14-01-2025,182.86,190.11,181.88,187.57,2748310371
15-01-2025,187.57,206.04,185.84,205.86,4071481523
16-01-2025,205.86,217.14,198.47,211.14,6099125467
17-01-2025,211.15,222.11,209.84,219.51,5118230275
18-01-2025,219.52,270.67,217.29,261.97,23186958912
19-01-2025,261.97,295.83,236.68,252.42,33172955667
20-01-2025,252.4,273.29,229.44,242.19,22690757561
21-01-2025,242.18,260.06,230,250.33,10694802909
22-01-2025,250.33,272.03,248.43,257.36,8880832578
23-01-2025,257.37,258.48,242.19,253.11,9264528949
24-01-2025,253.12,270.18,247.18,253.37,7483041553
25-01-2025,253.36,260.78,246.33,256.41,5035419721
26-01-2025,256.4,260.16,240.32,240.5,4178231600
27-01-2025,240.49,242.68,220.89,234.89,10736630238
28-01-2025,234.9,244,225.01,227.06,5105320114
29-01-2025,227.06,238.49,222.63,228.16,5385638692
30-01-2025,228.16,244.7,226.84,238.31,4636567306
31-01-2025,238.3,241.82,228.24,231.77,4043216055
01-02-2025,231.77,236.46,212.74,213.03,3546350864
02-02-2025,213.03,218.9,192.31,203.51,8432593480
03-02-2025,203.52,218.7,175.89,216.28,15260840772
04-02-2025,216.27,219.97,201.87,206.64,7328632702
05-02-2025,206.64,209.39,195.14,196.12,3826498437
06-02-2025,196.12,203.98,187.39,189.54,3936545265
07-02-2025,189.53,203.42,188.12,191.99,4593806344
08-02-2025,192,200.88,189.81,199.32,2387525186
09-02-2025,199.32,207.37,193.53,200.47,3380872965
10-02-2025,200.47,209.05,195.85,200.47,4106376694
11-02-2025,200.47,206.18,195.12,197.96,3907611299
12-02-2025,197.95,198.56,188.48,196.78,4290836657
13-02-2025,196.78,198.47,188.78,194.25,2755407329
14-02-2025,194.24,205.34,194.11,199.39,3732334277
15-02-2025,199.4,200.27,192.61,194.48,1869221857
16-02-2025,194.47,196.24,186.3,188.27,2160799161
17-02-2025,188.26,189.72,174.63,177.53,4345262539
18-02-2025,177.53,179.09,160.88,169.32,6684824301
19-02-2025,169.32,174.3,163.75,168.93,3717681436
20-02-2025,168.94,176.65,167.66,176,3347070717
21-02-2025,176,180.52,167.15,168.94,4684370707
22-02-2025,168.94,174.68,168.07,172.07,2026581266
23-02-2025,172.07,173.07,166.42,167.94,1621130854
24-02-2025,167.94,169.69,138,141.81,7062261489
25-02-2025,141.81,147.09,131.91,144.33,9341433919
26-02-2025,144.33,145.19,130.65,135.32,4916419994
27-02-2025,135.33,142.9,134.71,137.68,3723520943
28-02-2025,137.68,148.72,125.55,148.18,7544673033
01-03-2025,148.18,151.25,138.57,143.66,3305410077
02-03-2025,143.66,179.85,140.04,178.71,11540413390
03-03-2025,178.72,179.47,139.21,142.16,9241009702
04-03-2025,142.16,147,130.66,144.79,8035056091
05-03-2025,144.8,149.73,140.18,146.28,4501939048
06-03-2025,146.27,152.9,142.44,143.31,4204376336
07-03-2025,143.3,150.88,135.04,139.39,6090751623
08-03-2025,139.39,141.09,135.29,137.01,2270939562
09-03-2025,137.01,139.88,125.41,126.51,3429886567
10-03-2025,126.52,131.57,115.47,118.32,5519806938
11-03-2025,118.32,128.43,112,125.35,5259428587
12-03-2025,125.35,131.33,121.22,126.62,4112201839
13-03-2025,126.61,128.76,120.76,123.37,2871050068
14-03-2025,123.36,136.03,122.98,133.54,3161542602
15-03-2025,133.53,136.53,132.44,135.86,1844463215
16-03-2025,135.86,136.71,125.21,126.13,2456569508
17-03-2025,126.13,130.64,125.55,128.01,2487364373
18-03-2025,128.01,128.19,121.76,125.33,2534317858
19-03-2025,125.33,136.08,124.2,135.33,3539287974
20-03-2025,135.33,136.12,126.65,127.6,2469659459
21-03-2025,127.5,129.96,124.98,128.43,2370317364
22-03-2025,128.43,131.58,127.93,128.48,1442831196
23-03-2025,128.48,133.96,128.34,132.6,1711242607
24-03-2025,132.6,144.88,132.16,140.87,4207560020
25-03-2025,140.87,147.06,138.35,143.82,3585353324
26-03-2025,143.82,145.37,136.14,137.29,3083070981
27-03-2025,137.29,140.17,135.92,138.35,2660348034
28-03-2025,138.35,138.95,127.98,129.42,3532896573
29-03-2025,129.42,130.38,123.07,124.59,2253256988
30-03-2025,124.59,126.62,123.3,124.64,1639017444
31-03-2025,124.64,127.7,123.08,124.69,3206702485
01-04-2025,124.7,130.03,123.95,126.68,2993289339
02-04-2025,126.68,135.7,117.74,117.76,5399672438
03-04-2025,117.75,120.79,112.48,117.06,4633002432
04-04-2025,117.06,123.9,113.6,122.79,5182517335
05-04-2025,122.79,122.79,117.19,120.26,1667996329
06-04-2025,120.26,120.93,104,105.71,3822458629
07-04-2025,105.71,111.47,96.59,106.9,8644174246
08-04-2025,106.91,112.3,103.14,105.51,5353641480
09-04-2025,105.51,120.47,101.43,119.06,7096350476
10-04-2025,119.06,119.08,108.6,112.8,4310698523
11-04-2025,112.81,122.4,112.19,121.53,3953610468
12-04-2025,121.53,133.76,119.66,132.26,4089397536
13-04-2025,132.26,133.51,125.52,128.58,3818650340
14-04-2025,128.58,135.19,128.23,129.31,4425565001
15-04-2025,129.31,134.19,126.14,126.26,3272094237
