date,Open,High,Low,Close,Volume
2021-01-01 00:00:00+00:00,1.51,1.865,1.495,1.847,25722549.0
2021-01-02 00:00:00+00:00,1.847,2.012,1.752,1.799,31671064.0
2021-01-03 00:00:00+00:00,1.799,2.808,2.007,2.185,55073422.0
2021-01-04 00:00:00+00:00,2.185,2.573,2.066,2.491,59955405.0
2021-01-05 00:00:00+00:00,2.491,2.634,2.145,2.158,50555207.0
2021-01-06 00:00:00+00:00,2.158,2.628,1.895,1.925,50263975.0
2021-01-07 00:00:00+00:00,1.958,2.652,1.939,2.36,159870278.0
2021-01-08 00:00:00+00:00,2.36,3.815,2.182,3.225,206412154.0
2021-01-09 00:00:00+00:00,3.225,3.681,2.932,3.381,91906875.0
2021-01-10 00:00:00+00:00,3.381,3.762,3.165,3.471,62766977.0
2021-01-11 00:00:00+00:00,3.471,3.516,2.599,3.118,82877500.0
2021-01-12 00:00:00+00:00,3.118,3.919,3.084,3.737,73484689.0
2021-01-13 00:00:00+00:00,3.737,4.175,3.263,3.647,57994893.0
2021-01-14 00:00:00+00:00,3.647,3.791,3.246,3.326,59283112.0
2021-01-15 00:00:00+00:00,3.326,3.635,2.978,3.245,45331739.0
2021-01-16 00:00:00+00:00,3.245,3.699,3.245,3.449,68035606.0
2021-01-17 00:00:00+00:00,3.449,3.999,3.313,3.824,85407766.0
2021-01-18 00:00:00+00:00,3.824,4.153,3.621,3.798,70601713.0
2021-01-19 00:00:00+00:00,3.798,4.09,3.582,3.635,44547768.0
2021-01-20 00:00:00+00:00,3.635,3.739,3.345,3.736,46698656.0
2021-01-21 00:00:00+00:00,3.736,3.736,2.952,2.997,43834765.0
2021-01-22 00:00:00+00:00,2.997,3.504,2.576,3.329,63361382.0
2021-01-23 00:00:00+00:00,3.329,3.606,3.313,3.517,27904470.0
2021-01-24 00:00:00+00:00,3.517,3.797,3.49,3.644,32747555.0
2021-01-25 00:00:00+00:00,3.644,3.987,3.448,3.7,80055958.0
2021-01-26 00:00:00+00:00,3.7,4.099,3.687,4.031,78823456.0
2021-01-27 00:00:00+00:00,4.031,4.033,3.521,3.693,35195110.0
2021-01-28 00:00:00+00:00,3.693,3.952,3.618,3.847,31410527.0
2021-01-29 00:00:00+00:00,3.814,4.012,3.602,3.827,44053151.0
2021-01-30 00:00:00+00:00,3.839,4.325,3.789,4.218,53378198.0
2021-01-31 00:00:00+00:00,4.218,4.792,4.167,4.263,78376267.0
2021-02-01 00:00:00+00:00,4.263,4.616,4.094,4.616,39361629.0
2021-02-02 00:00:00+00:00,4.616,5.393,4.476,5.255,98755962.0
2021-02-03 00:00:00+00:00,5.255,5.783,5.077,5.736,49386327.0
2021-02-04 00:00:00+00:00,5.736,6.616,5.58,6.425,108249482.0
2021-02-05 00:00:00+00:00,6.425,7.125,6.425,6.69,92892157.0
2021-02-06 00:00:00+00:00,6.69,6.808,5.732,6.103,102365494.0
2021-02-07 00:00:00+00:00,6.103,6.9,5.758,6.689,105451103.0
2021-02-08 00:00:00+00:00,6.689,8.105,6.49,7.881,155254261.0
2021-02-09 00:00:00+00:00,7.881,8.566,7.616,7.858,121037873.0
2021-02-10 00:00:00+00:00,7.858,9.07,7.64,9.069,120679902.0
2021-02-11 00:00:00+00:00,9.069,9.695,8.793,9.236,53600048.0
2021-02-12 00:00:00+00:00,9.236,9.905,9.093,9.226,91484664.0
2021-02-13 00:00:00+00:00,9.226,9.519,8.653,8.756,91417968.0
2021-02-14 00:00:00+00:00,8.756,9.208,8.555,8.73,93500423.0
2021-02-15 00:00:00+00:00,8.73,9.304,7.77,8.842,109854635.0
2021-02-16 00:00:00+00:00,8.842,8.99,7.977,8.299,71625205.0
2021-02-17 00:00:00+00:00,8.299,8.42,7.544,8.231,89948578.0
2021-02-18 00:00:00+00:00,8.231,9.288,8.231,8.967,77306770.0
2021-02-19 00:00:00+00:00,8.967,11.54,8.562,11.49,261175711.0
2021-02-20 00:00:00+00:00,11.49,12.03,9.833,10.0,140264810.0
2021-02-21 00:00:00+00:00,10.0,11.7,9.874,11.12,137742366.0
2021-02-22 00:00:00+00:00,11.12,14.67,9.42,14.41,574136241.0
2021-02-23 00:00:00+00:00,14.41,15.83,11.67,15.21,485252846.0
2021-02-24 00:00:00+00:00,15.21,18.15,14.06,17.33,375439707.0
2021-02-25 00:00:00+00:00,17.33,17.74,13.79,13.8,364505276.0
2021-02-26 00:00:00+00:00,13.8,15.51,13.07,13.6,289687328.0
2021-02-27 00:00:00+00:00,13.6,14.78,13.03,13.19,247640940.0
2021-02-28 00:00:00+00:00,13.19,13.94,11.46,13.07,300493226.0
2021-03-01 00:00:00+00:00,13.07,16.08,13.07,14.98,306451693.0
2021-03-02 00:00:00+00:00,14.98,15.49,13.47,13.98,178549852.0
2021-03-03 00:00:00+00:00,13.98,14.76,13.77,14.13,153830742.0
2021-03-04 00:00:00+00:00,14.13,14.27,12.75,13.08,116364466.0
2021-03-05 00:00:00+00:00,13.08,13.09,12.15,12.57,90978408.0
2021-03-06 00:00:00+00:00,12.57,13.3,11.9,13.07,118851546.0
2021-03-07 00:00:00+00:00,13.07,14.01,12.72,13.85,117548176.0
2021-03-08 00:00:00+00:00,13.85,13.89,13.08,13.65,115525659.0
2021-03-09 00:00:00+00:00,13.65,15.01,13.31,14.85,134867044.0
2021-03-10 00:00:00+00:00,14.85,15.51,13.49,14.19,103150901.0
2021-03-11 00:00:00+00:00,14.19,16.31,13.69,16.01,229272516.0
2021-03-12 00:00:00+00:00,16.01,16.49,14.09,14.58,185287457.0
2021-03-13 00:00:00+00:00,14.58,15.63,13.91,15.29,145102757.0
2021-03-14 00:00:00+00:00,15.29,15.39,14.38,14.48,90232804.0
2021-03-15 00:00:00+00:00,14.45,14.33,13.11,14.16,102600692.0
2021-03-16 00:00:00+00:00,14.16,14.29,13.23,13.64,112303590.0
2021-03-17 00:00:00+00:00,13.64,14.93,14.02,14.22,94696339.0
2021-03-18 00:00:00+00:00,14.22,14.46,13.64,14.22,79074263.0
2021-03-19 00:00:00+00:00,14.22,14.47,13.88,14.14,68715211.0
2021-03-20 00:00:00+00:00,14.14,14.95,14.11,14.16,68049683.0
2021-03-21 00:00:00+00:00,14.16,14.38,13.64,14.33,64229338.0
2021-03-22 00:00:00+00:00,14.33,16.64,14.17,14.81,260995136.0
2021-03-23 00:00:00+00:00,14.81,15.21,14.06,14.16,106780662.0
2021-03-24 00:00:00+00:00,14.16,15.34,13.59,13.59,118813690.0
2021-03-25 00:00:00+00:00,13.59,13.68,12.58,13.0,116277943.0
2021-03-26 00:00:00+00:00,13.0,14.79,12.29,14.77,149987319.0
2021-03-27 00:00:00+00:00,14.77,16.81,14.74,16.47,223872587.0
2021-03-28 00:00:00+00:00,16.47,19.36,16.34,18.08,426120062.0
2021-03-29 00:00:00+00:00,18.08,19.01,17.67,18.92,216748601.0
2021-03-30 00:00:00+00:00,18.92,20.86,18.9,19.1,264028427.0
2021-03-31 00:00:00+00:00,19.1,19.81,18.06,19.42,206011018.0
2021-04-01 00:00:00+00:00,19.42,20.76,18.77,19.04,173731886.0
2021-04-02 00:00:00+00:00,19.04,19.81,18.55,19.77,131061660.0
2021-04-03 00:00:00+00:00,19.77,23.8,19.74,22.44,483057740.0
2021-04-04 00:00:00+00:00,22.44,25.53,22.04,23.81,426557980.0
2021-04-05 00:00:00+00:00,23.81,24.76,22.77,22.99,264085329.0
2021-04-06 00:00:00+00:00,22.99,25.3,21.86,25.09,320886935.0
2021-04-07 00:00:00+00:00,25.09,27.56,22.97,26.54,676846221.0
2021-04-08 00:00:00+00:00,26.54,27.94,25.65,26.99,377988327.0
2021-04-09 00:00:00+00:00,26.99,28.98,26.83,27.67,282477938.0
2021-04-10 00:00:00+00:00,27.67,28.24,25.95,26.78,270235258.0
2021-04-11 00:00:00+00:00,26.78,28.61,25.54,27.88,232938762.0
2021-04-12 00:00:00+00:00,27.88,29.86,26.81,28.5,308804546.0
2021-04-13 00:00:00+00:00,28.5,28.72,26.39,27.48,258183912.0
2021-04-14 00:00:00+00:00,27.48,27.58,24.7,26.41,342565805.0
2021-04-15 00:00:00+00:00,26.41,28.23,25.49,27.79,221346739.0
2021-04-16 00:00:00+00:00,27.79,28.23,24.92,25.33,240665351.0
2021-04-17 00:00:00+00:00,25.33,26.76,24.8,24.86,201720376.0
2021-04-18 00:00:00+00:00,24.86,32.98,21.04,32.38,1155150688.0
2021-04-19 00:00:00+00:00,32.38,35.99,29.98,31.58,1219130981.0
2021-04-20 00:00:00+00:00,31.58,32.64,28.7,31.77,793008154.0
2021-04-21 00:00:00+00:00,31.77,35.05,30.19,32.62,729130141.0
2021-04-22 00:00:00+00:00,32.62,40.72,31.58,38.87,1638622971.0
2021-04-23 00:00:00+00:00,38.87,41.15,31.46,37.21,1612232268.0
2021-04-24 00:00:00+00:00,37.21,43.63,34.69,40.82,1101380795.0
2021-04-25 00:00:00+00:00,40.82,48.54,40.46,47.59,1583800800.0
2021-04-26 00:00:00+00:00,47.59,48.5,43.37,43.96,1357487872.0
2021-04-27 00:00:00+00:00,43.96,46.59,42.58,43.26,904891996.0
2021-04-28 00:00:00+00:00,43.26,46.91,40.74,44.85,1021154320.0
2021-04-29 00:00:00+00:00,44.85,46.09,40.8,42.55,772259307.0
2021-04-30 00:00:00+00:00,42.55,44.3,41.26,42.87,534976437.0
2021-05-01 00:00:00+00:00,42.87,49.89,42.04,49.58,859524423.0
2021-05-02 00:00:00+00:00,49.58,49.95,46.03,46.91,571072187.0
2021-05-03 00:00:00+00:00,46.91,49.28,44.73,46.06,609194252.0
2021-05-04 00:00:00+00:00,46.06,47.81,42.3,42.64,682976428.0
2021-05-05 00:00:00+00:00,42.64,46.41,42.32,44.98,503781975.0
2021-05-06 00:00:00+00:00,44.98,44.98,42.62,43.51,391497018.0
2021-05-07 00:00:00+00:00,43.51,46.23,41.5,43.21,514344601.0
2021-05-08 00:00:00+00:00,43.21,46.72,42.4,45.73,451056655.0
2021-05-09 00:00:00+00:00,45.73,47.15,43.01,44.35,510603312.0
2021-05-10 00:00:00+00:00,44.35,45.95,39.05,42.94,499528076.0
2021-05-11 00:00:00+00:00,42.94,45.17,39.66,44.64,473731333.0
2021-05-12 00:00:00+00:00,44.64,49.11,41.52,42.94,1151668076.0
2021-05-13 00:00:00+00:00,42.94,45.44,37.45,41.0,1016860656.0
2021-05-14 00:00:00+00:00,41.0,44.99,39.93,42.79,504167711.0
2021-05-15 00:00:00+00:00,42.79,45.57,39.41,43.46,500445722.0
2021-05-16 00:00:00+00:00,43.46,52.43,41.89,46.85,1990976771.0
2021-05-17 00:00:00+00:00,46.85,51.91,43.18,46.65,1951921366.0
2021-05-18 00:00:00+00:00,46.65,58.36,46.11,55.98,2025388219.0
2021-05-19 00:00:00+00:00,55.98,57.59,29.55,34.96,2772224999.0
2021-05-20 00:00:00+00:00,34.96,49.9,31.33,44.42,2487748626.0
2021-05-21 00:00:00+00:00,44.42,47.73,33.65,38.91,1769762028.0
2021-05-22 00:00:00+00:00,38.91,39.99,31.2,31.28,1078751751.0
2021-05-23 00:00:00+00:00,31.28,32.38,19.19,24.53,1925832341.0
2021-05-24 00:00:00+00:00,24.53,32.22,24.53,31.45,1346786023.0
2021-05-25 00:00:00+00:00,31.45,33.19,25.99,30.08,909470305.0
2021-05-26 00:00:00+00:00,30.08,37.27,28.93,35.46,1069991365.0
2021-05-27 00:00:00+00:00,35.46,35.64,31.13,33.71,649389058.0
2021-05-28 00:00:00+00:00,33.71,34.53,27.99,29.0,600255582.0
2021-05-29 00:00:00+00:00,29.0,30.06,25.73,27.39,376859866.0
2021-05-30 00:00:00+00:00,27.39,29.76,25.64,28.6,359661704.0
2021-05-31 00:00:00+00:00,28.6,33.0,27.52,32.78,534826504.0
2021-06-01 00:00:00+00:00,32.78,33.29,29.86,30.98,432053117.0
2021-06-02 00:00:00+00:00,30.98,34.98,30.43,33.98,497567418.0
2021-06-03 00:00:00+00:00,33.98,41.31,33.73,39.56,960056106.0
2021-06-04 00:00:00+00:00,39.56,39.69,34.26,37.42,1056279506.0
2021-06-05 00:00:00+00:00,37.42,42.75,37.06,39.75,1112426664.0
2021-06-06 00:00:00+00:00,39.75,43.42,38.98,42.23,794387364.0
2021-06-07 00:00:00+00:00,42.23,44.19,37.93,38.28,923157614.0
2021-06-08 00:00:00+00:00,38.28,42.8,33.6,41.26,1786996802.0
2021-06-09 00:00:00+00:00,41.26,44.06,39.32,42.03,1218831041.0
2021-06-10 00:00:00+00:00,42.03,43.04,39.53,41.09,595246689.0
2021-06-11 00:00:00+00:00,41.09,41.36,35.16,36.18,518666603.0
2021-06-12 00:00:00+00:00,36.18,37.62,34.24,36.48,549070417.0
2021-06-13 00:00:00+00:00,36.48,39.39,34.73,38.72,452988674.0
2021-06-14 00:00:00+00:00,38.72,40.54,36.68,39.72,477871463.0
2021-06-15 00:00:00+00:00,39.72,41.72,39.18,39.55,605285143.0
2021-06-16 00:00:00+00:00,39.55,41.55,37.48,39.63,576016902.0
2021-06-17 00:00:00+00:00,39.63,41.21,38.22,39.22,417775600.0
2021-06-18 00:00:00+00:00,39.22,39.44,34.95,36.79,424163369.0
2021-06-19 00:00:00+00:00,36.79,37.31,34.91,35.19,264640750.0
2021-06-20 00:00:00+00:00,35.19,35.94,31.24,35.25,452587531.0
2021-06-21 00:00:00+00:00,35.25,35.47,24.12,26.65,760344541.0
2021-06-22 00:00:00+00:00,26.65,28.78,20.24,26.98,1258580061.0
2021-06-23 00:00:00+00:00,26.98,32.92,25.7,30.84,1111302687.0
2021-06-24 00:00:00+00:00,30.84,32.97,28.5,31.18,641150364.0
2021-06-25 00:00:00+00:00,31.18,32.97,27.97,28.63,632052177.0
2021-06-26 00:00:00+00:00,28.63,30.01,26.71,29.67,560342710.0
2021-06-27 00:00:00+00:00,29.67,31.92,29.21,31.87,497353288.0
2021-06-28 00:00:00+00:00,31.87,34.29,31.0,33.0,473612135.0
2021-06-29 00:00:00+00:00,33.0,35.86,32.7,33.94,471854279.0
2021-06-30 00:00:00+00:00,33.94,35.98,31.6,35.53,570984168.0
2021-07-01 00:00:00+00:00,35.53,35.56,32.25,33.32,474665321.0
2021-07-02 00:00:00+00:00,33.32,34.09,31.41,34.0,440298780.0
2021-07-03 00:00:00+00:00,34.0,35.38,33.26,34.5,327019964.0
2021-07-04 00:00:00+00:00,34.5,35.51,33.56,34.32,303420520.0
2021-07-05 00:00:00+00:00,34.32,34.48,32.45,32.93,313839322.0
2021-07-06 00:00:00+00:00,32.93,35.04,32.92,34.23,365336040.0
2021-07-07 00:00:00+00:00,34.23,38.1,33.85,36.72,519252659.0
2021-07-08 00:00:00+00:00,36.72,36.95,32.69,33.14,498201257.0
2021-07-09 00:00:00+00:00,33.14,34.44,31.98,33.3,327170629.0
2021-07-10 00:00:00+00:00,33.3,34.19,31.06,31.72,296566657.0
2021-07-11 00:00:00+00:00,31.72,32.56,31.39,32.19,211679810.0
2021-07-12 00:00:00+00:00,32.19,32.68,30.05,30.78,221058993.0
2021-07-13 00:00:00+00:00,30.78,31.07,28.83,29.12,197825362.0
2021-07-14 00:00:00+00:00,29.12,31.43,27.42,31.36,331866434.0
2021-07-15 00:00:00+00:00,31.36,31.49,27.99,28.55,329918376.0
2021-07-16 00:00:00+00:00,28.55,29.45,26.21,26.27,374718328.0
2021-07-17 00:00:00+00:00,26.27,27.79,26.01,26.75,289689475.0
2021-07-18 00:00:00+00:00,26.75,27.74,26.27,26.67,230336396.0
2021-07-19 00:00:00+00:00,26.67,26.7,24.01,24.5,361915410.0
2021-07-20 00:00:00+00:00,24.5,24.98,22.12,23.46,413439963.0
2021-07-21 00:00:00+00:00,23.46,27.45,22.83,26.63,555770206.0
2021-07-22 00:00:00+00:00,26.63,28.18,25.94,27.71,364666998.0
2021-07-23 00:00:00+00:00,27.71,28.7,26.41,28.51,407955237.0
2021-07-24 00:00:00+00:00,28.51,29.49,28.04,28.65,353750758.0
2021-07-25 00:00:00+00:00,28.65,28.88,26.55,28.19,309208018.0
2021-07-26 00:00:00+00:00,28.19,31.09,27.89,28.22,743673802.0
2021-07-27 00:00:00+00:00,28.22,28.98,26.93,28.14,375599550.0
2021-07-28 00:00:00+00:00,28.14,28.76,27.38,27.88,315682626.0
2021-07-29 00:00:00+00:00,27.88,31.88,27.34,31.28,448009571.0
2021-07-30 00:00:00+00:00,31.28,33.07,30.0,32.38,617830199.0
2021-07-31 00:00:00+00:00,32.38,36.98,31.71,36.74,587168181.0
2021-08-01 00:00:00+00:00,36.74,36.81,33.27,34.2,490639931.0
2021-08-02 00:00:00+00:00,34.2,35.91,33.02,33.19,407399691.0
2021-08-03 00:00:00+00:00,33.19,35.84,32.37,34.11,474629269.0
2021-08-04 00:00:00+00:00,34.11,36.65,33.27,35.78,413657602.0
2021-08-05 00:00:00+00:00,35.78,38.24,35.51,37.37,595137193.0
2021-08-06 00:00:00+00:00,37.37,40.4,35.67,39.52,589190671.0
2021-08-07 00:00:00+00:00,39.52,40.5,37.58,39.48,534979916.0
2021-08-08 00:00:00+00:00,39.48,39.57,36.93,37.67,358570315.0
2021-08-09 00:00:00+00:00,37.67,40.03,36.37,38.69,377034585.0
2021-08-10 00:00:00+00:00,38.69,41.67,38.23,40.68,452480699.0
2021-08-11 00:00:00+00:00,40.68,43.76,40.63,41.66,507980107.0
2021-08-12 00:00:00+00:00,41.6,41.87,39.34,41.09,527833804.0
2021-08-13 00:00:00+00:00,41.09,44.95,40.71,44.89,541894525.0
2021-08-14 00:00:00+00:00,44.89,44.9,42.77,44.16,363834257.0
2021-08-15 00:00:00+00:00,44.16,54.75,43.42,53.53,1448656564.0
2021-08-16 00:00:00+00:00,53.53,69.33,52.33,62.15,3799339365.0
2021-08-17 00:00:00+00:00,62.15,75.0,58.81,64.18,4043742154.0
2021-08-18 00:00:00+00:00,64.18,80.52,59.98,72.79,4507409622.0
2021-08-19 00:00:00+00:00,72.79,75.34,68.39,72.82,2467398203.0
2021-08-20 00:00:00+00:00,72.82,79.95,70.96,78.68,1844455899.0
2021-08-21 00:00:00+00:00,78.68,81.92,72.69,73.89,1513097171.0
2021-08-22 00:00:00+00:00,73.89,77.59,71.31,72.75,968933849.0
2021-08-23 00:00:00+00:00,72.75,76.74,71.6,75.66,1372134245.0
2021-08-24 00:00:00+00:00,75.66,79.4,68.68,70.67,2153611667.0
2021-08-25 00:00:00+00:00,70.67,72.78,66.2,71.94,1551240766.0
2021-08-26 00:00:00+00:00,71.94,78.29,66.28,74.85,2713050538.0
2021-08-27 00:00:00+00:00,74.85,88.87,72.65,88.11,3263988286.0
2021-08-28 00:00:00+00:00,88.11,97.86,85.65,96.38,2580080503.0
2021-08-29 00:00:00+00:00,96.38,97.82,90.66,94.29,1830344091.0
2021-08-30 00:00:00+00:00,94.29,116.31,93.79,110.17,5274104165.0
2021-08-31 00:00:00+00:00,110.17,130.0,103.13,108.34,7590894022.0
2021-09-01 00:00:00+00:00,108.34,119.56,106.02,110.73,3974443896.0
2021-09-02 00:00:00+00:00,110.73,132.08,109.37,128.29,5074399603.0
2021-09-03 00:00:00+00:00,128.29,148.91,128.21,146.46,7526373837.0
2021-09-04 00:00:00+00:00,146.46,150.67,136.03,139.0,3970422964.0
2021-09-05 00:00:00+00:00,139.0,144.99,134.85,142.11,2996918105.0
2021-09-06 00:00:00+00:00,142.11,166.06,137.68,164.31,5774090688.0
2021-09-07 00:00:00+00:00,164.31,194.96,131.78,173.2,17068643416.0
2021-09-08 00:00:00+00:00,173.2,197.94,146.72,191.01,13187213606.0
2021-09-09 00:00:00+00:00,191.01,215.85,179.4,187.7,12676272744.0
2021-09-10 00:00:00+00:00,187.7,197.27,168.1,179.5,7087524572.0
2021-09-11 00:00:00+00:00,179.5,193.33,174.55,179.1,5367389010.0
2021-09-12 00:00:00+00:00,179.1,181.57,167.49,174.4,3012633094.0
2021-09-13 00:00:00+00:00,174.4,174.96,150.49,169.66,6437530449.0
2021-09-14 00:00:00+00:00,169.66,171.84,142.51,158.92,5799758794.0
2021-09-15 00:00:00+00:00,158.92,166.95,153.95,158.66,3908939772.0
2021-09-16 00:00:00+00:00,158.66,163.09,147.43,152.11,3215168472.0
2021-09-17 00:00:00+00:00,152.11,153.4,134.25,147.49,4675731485.0
2021-09-18 00:00:00+00:00,147.49,171.55,144.27,169.36,5415012910.0
2021-09-19 00:00:00+00:00,169.36,170.98,150.73,152.86,3350530308.0
2021-09-20 00:00:00+00:00,152.86,153.41,130.49,132.08,5623667250.0
2021-09-21 00:00:00+00:00,132.08,144.61,116.01,124.04,5243953819.0
2021-09-22 00:00:00+00:00,124.04,151.98,122.14,148.18,4952222859.0
2021-09-23 00:00:00+00:00,148.18,152.44,143.03,150.0,3389212044.0
2021-09-24 00:00:00+00:00,150.0,151.29,128.52,139.28,3852350632.0
2021-09-25 00:00:00+00:00,139.28,144.07,133.58,136.16,2037106949.0
2021-09-26 00:00:00+00:00,136.16,140.82,124.9,135.84,2674182809.0
2021-09-27 00:00:00+00:00,135.84,148.96,133.81,136.35,2867246888.0
2021-09-28 00:00:00+00:00,136.35,139.41,128.14,132.21,2422542861.0
2021-09-29 00:00:00+00:00,132.21,140.12,131.13,135.3,2428105040.0
2021-09-30 00:00:00+00:00,135.3,142.94,134.11,141.32,2244376110.0
2021-10-01 00:00:00+00:00,141.32,165.0,138.31,161.67,4387488320.0
2021-10-02 00:00:00+00:00,161.67,175.03,156.24,168.99,3471658582.0
2021-10-03 00:00:00+00:00,168.99,177.73,165.63,173.06,3149579954.0
2021-10-04 00:00:00+00:00,173.06,173.11,162.29,167.21,3109040100.0
2021-10-05 00:00:00+00:00,167.21,170.2,159.92,164.63,2541087419.0
2021-10-06 00:00:00+00:00,164.63,165.48,150.33,153.92,3259712887.0
2021-10-07 00:00:00+00:00,153.93,161.52,150.32,154.35,2579187256.0
2021-10-08 00:00:00+00:00,154.29,168.88,152.44,158.83,2781848650.0
2021-10-09 00:00:00+00:00,158.83,161.56,154.42,156.82,1522023824.0
2021-10-10 00:00:00+00:00,156.82,158.49,145.84,147.67,1556965341.0
2021-10-11 00:00:00+00:00,147.67,154.0,140.31,144.92,1851795187.0
2021-10-12 00:00:00+00:00,144.92,153.44,137.7,152.43,2853992440.0
2021-10-13 00:00:00+00:00,152.43,155.52,144.37,148.06,2105226551.0
2021-10-14 00:00:00+00:00,148.06,155.65,147.35,150.01,1948101208.0
2021-10-15 00:00:00+00:00,150.01,165.26,146.76,163.17,3970589003.0
2021-10-16 00:00:00+00:00,163.17,164.76,156.63,157.56,1531502795.0
2021-10-17 00:00:00+00:00,157.56,167.47,153.39,160.04,2168838138.0
2021-10-18 00:00:00+00:00,160.04,162.92,154.97,157.15,1698878759.0
2021-10-19 00:00:00+00:00,157.15,159.38,153.22,155.89,1400902548.0
2021-10-20 00:00:00+00:00,155.89,176.89,155.16,176.81,3315306825.0
2021-10-21 00:00:00+00:00,176.81,194.17,176.76,190.25,6865815461.0
2021-10-22 00:00:00+00:00,190.25,215.0,188.1,196.22,7486821306.0
2021-10-23 00:00:00+00:00,196.22,205.67,192.09,197.73,3253670286.0
2021-10-24 00:00:00+00:00,197.73,204.89,185.34,202.3,3413057378.0
2021-10-25 00:00:00+00:00,202.3,218.93,198.19,209.85,4837376169.0
2021-10-26 00:00:00+00:00,209.85,214.04,196.52,199.72,3194205752.0
2021-10-27 00:00:00+00:00,199.72,205.56,179.66,184.52,4552692842.0
2021-10-28 00:00:00+00:00,184.52,201.53,181.77,194.85,3463958628.0
2021-10-29 00:00:00+00:00,194.85,205.23,194.71,200.41,2468703579.0
2021-10-30 00:00:00+00:00,200.41,200.63,187.51,195.91,1732207667.0
2021-10-31 00:00:00+00:00,195.91,205.14,185.67,202.66,2577364486.0
2021-11-01 00:00:00+00:00,202.66,211.66,198.05,203.51,3157612663.0
2021-11-02 00:00:00+00:00,203.51,222.35,201.16,221.14,3020087232.0
2021-11-03 00:00:00+00:00,221.14,246.51,216.07,243.02,6024951132.0
2021-11-04 00:00:00+00:00,243.02,250.48,234.52,247.17,4440296290.0
2021-11-05 00:00:00+00:00,247.17,248.41,230.68,236.34,2752870913.0
2021-11-06 00:00:00+00:00,236.34,259.95,235.04,258.63,3869779683.0
2021-11-07 00:00:00+00:00,258.63,258.81,245.9,249.76,2624869522.0
2021-11-08 00:00:00+00:00,249.76,253.3,240.76,248.35,3344410176.0
2021-11-09 00:00:00+00:00,248.35,253.17,237.5,239.03,2819309492.0
2021-11-10 00:00:00+00:00,239.03,248.09,218.64,233.62,3873202098.0
2021-11-11 00:00:00+00:00,233.62,246.46,229.6,233.51,2693456862.0
2021-11-12 00:00:00+00:00,233.51,239.0,220.98,228.64,3022054714.0
2021-11-13 00:00:00+00:00,228.64,241.92,224.99,241.66,2322796265.0
2021-11-14 00:00:00+00:00,241.66,241.94,230.47,238.71,1705211600.0
2021-11-15 00:00:00+00:00,238.71,246.33,234.5,238.17,2414551003.0
2021-11-16 00:00:00+00:00,238.17,238.17,214.88,219.09,3557977024.0
2021-11-17 00:00:00+00:00,219.09,222.24,209.95,218.95,2982505239.0
2021-11-18 00:00:00+00:00,218.95,222.78,186.78,195.24,3911214658.0
2021-11-19 00:00:00+00:00,195.24,219.74,189.18,215.39,3431624914.0
2021-11-20 00:00:00+00:00,215.39,221.28,206.17,217.89,2003638941.0
2021-11-21 00:00:00+00:00,217.89,235.71,210.44,230.56,2636480460.0
2021-11-22 00:00:00+00:00,230.56,232.18,211.75,215.78,3254258844.0
2021-11-23 00:00:00+00:00,215.78,226.17,211.04,221.94,2328763768.0
2021-11-24 00:00:00+00:00,221.94,222.31,200.2,205.75,2293934142.0
2021-11-25 00:00:00+00:00,205.75,216.48,202.06,210.06,2586718627.0
2021-11-26 00:00:00+00:00,210.06,210.6,182.81,192.24,3380122748.0
2021-11-27 00:00:00+00:00,192.24,199.47,190.69,193.0,1443178833.0
2021-11-28 00:00:00+00:00,193.0,202.3,181.17,200.92,2033215941.0
2021-11-29 00:00:00+00:00,200.92,212.94,199.87,204.22,2110532147.0
2021-11-30 00:00:00+00:00,204.22,218.52,199.73,208.43,2888387657.0
2021-12-01 00:00:00+00:00,208.43,232.51,207.77,229.91,3532771294.0
2021-12-02 00:00:00+00:00,229.91,243.31,220.2,233.89,4074103518.0
2021-12-03 00:00:00+00:00,233.89,239.63,206.22,211.87,4061060881.0
2021-12-04 00:00:00+00:00,211.87,212.63,175.73,201.01,5949505665.0
2021-12-05 00:00:00+00:00,201.01,204.66,181.28,196.74,3402591975.0
2021-12-06 00:00:00+00:00,196.74,197.72,176.61,194.03,3693853028.0
2021-12-07 00:00:00+00:00,194.03,204.27,188.08,190.38,2556849839.0
2021-12-08 00:00:00+00:00,190.38,196.33,183.89,194.74,2277446203.0
2021-12-09 00:00:00+00:00,194.74,196.81,178.8,181.41,1968182104.0
2021-12-10 00:00:00+00:00,181.41,184.56,167.31,167.65,2118266396.0
2021-12-11 00:00:00+00:00,167.65,173.8,161.48,172.08,1877844189.0
2021-12-12 00:00:00+00:00,172.08,176.87,167.8,173.0,1196808540.0
2021-12-13 00:00:00+00:00,173.0,173.0,148.1,155.15,2547597256.0
2021-12-14 00:00:00+00:00,155.15,163.17,149.67,161.43,2604045117.0
2021-12-15 00:00:00+00:00,161.43,183.17,156.91,178.55,3783787658.0
2021-12-16 00:00:00+00:00,178.55,189.3,174.51,176.92,2766320569.0
2021-12-17 00:00:00+00:00,176.92,182.47,168.15,175.65,2711688386.0
2021-12-18 00:00:00+00:00,175.65,184.31,171.1,182.92,1690397976.0
2021-12-19 00:00:00+00:00,182.92,189.39,178.49,180.02,1678714066.0
2021-12-20 00:00:00+00:00,180.02,181.21,168.48,174.01,1982986558.0
2021-12-21 00:00:00+00:00,174.01,182.64,170.29,179.76,1821107818.0
2021-12-22 00:00:00+00:00,179.76,187.55,177.16,178.36,1889229699.0
2021-12-23 00:00:00+00:00,178.36,193.64,175.73,190.12,2191634326.0
2021-12-24 00:00:00+00:00,190.12,197.54,184.35,190.43,2286837232.0
2021-12-25 00:00:00+00:00,190.43,195.3,189.33,193.05,1443209769.0
2021-12-26 00:00:00+00:00,193.05,200.62,190.32,197.89,1971114647.0
2021-12-27 00:00:00+00:00,197.89,204.79,194.9,195.73,1800094698.0
2021-12-28 00:00:00+00:00,195.73,195.75,176.38,177.25,2826063568.0
2021-12-29 00:00:00+00:00,177.25,180.62,170.16,170.62,2175731146.0
2021-12-30 00:00:00+00:00,170.62,175.75,168.24,172.53,1540637869.0
2021-12-31 00:00:00+00:00,172.53,177.68,167.68,169.93,1567918820.0
2022-01-01 00:00:00+00:00,169.93,179.21,169.92,179.09,1084780603.0
2022-01-02 00:00:00+00:00,179.09,179.5,174.41,176.4,995389409.0
2022-01-03 00:00:00+00:00,176.4,176.48,166.68,170.08,1345778058.0
2022-01-04 00:00:00+00:00,170.08,173.83,166.49,167.75,1499265336.0
2022-01-05 00:00:00+00:00,167.75,171.28,145.02,154.36,2123759721.0
2022-01-06 00:00:00+00:00,154.36,154.76,146.02,150.23,2097172620.0
2022-01-07 00:00:00+00:00,150.23,150.64,133.79,136.39,2926269672.0
2022-01-08 00:00:00+00:00,136.39,148.04,133.01,142.11,2730000333.0
2022-01-09 00:00:00+00:00,142.11,145.65,137.88,140.77,1599123912.0
2022-01-10 00:00:00+00:00,140.77,143.75,130.06,135.86,2040883379.0
2022-01-11 00:00:00+00:00,135.86,143.51,133.65,140.25,1554197314.0
2022-01-12 00:00:00+00:00,140.25,153.26,138.27,151.51,2242337550.0
2022-01-13 00:00:00+00:00,151.51,157.85,145.59,146.2,2177023564.0
2022-01-14 00:00:00+00:00,146.2,150.62,142.04,146.18,1822320951.0
2022-01-15 00:00:00+00:00,146.18,149.59,144.08,147.74,1123271784.0
2022-01-16 00:00:00+00:00,147.74,151.96,146.22,147.96,1172854751.0
2022-01-17 00:00:00+00:00,147.96,148.29,137.15,139.84,1487772250.0
2022-01-18 00:00:00+00:00,139.84,142.8,134.39,141.29,1449435942.0
2022-01-19 00:00:00+00:00,141.29,142.74,132.83,135.3,1444663456.0
2022-01-20 00:00:00+00:00,135.3,143.91,126.22,127.65,984099352.0
2022-01-21 00:00:00+00:00,127.65,129.09,106.16,112.47,3771688473.0
2022-01-22 00:00:00+00:00,112.47,114.1,88.1,94.68,4039466376.0
2022-01-23 00:00:00+00:00,94.68,104.74,93.34,99.81,2548191912.0
2022-01-24 00:00:00+00:00,99.81,99.89,80.79,91.99,4664539688.0
2022-01-25 00:00:00+00:00,91.99,100.01,87.48,94.65,2842652332.0
2022-01-26 00:00:00+00:00,94.65,104.39,89.32,92.14,3177186515.0
2022-01-27 00:00:00+00:00,92.14,94.62,85.71,89.56,2513945822.0
2022-01-28 00:00:00+00:00,89.56,93.54,87.23,91.36,2156098049.0
2022-01-29 00:00:00+00:00,91.36,98.94,90.54,96.16,1727329992.0
2022-01-30 00:00:00+00:00,96.16,97.58,91.45,93.32,1110338981.0
2022-01-31 00:00:00+00:00,93.32,101.39,89.12,99.54,1888454241.0
2022-02-01 00:00:00+00:00,99.54,113.72,99.08,110.09,3568466349.0
2022-02-02 00:00:00+00:00,110.09,112.45,96.96,101.89,3297984784.0
2022-02-03 00:00:00+00:00,101.89,103.17,94.12,101.9,2618951519.0
2022-02-04 00:00:00+00:00,101.9,112.89,100.39,112.58,3121470028.0
2022-02-05 00:00:00+00:00,112.58,118.68,110.33,113.82,2337469324.0
2022-02-06 00:00:00+00:00,113.82,116.12,111.67,115.33,1488437091.0
2022-02-07 00:00:00+00:00,115.33,121.97,112.8,117.57,2501444983.0
2022-02-08 00:00:00+00:00,117.57,120.32,109.78,113.42,2670414753.0
2022-02-09 00:00:00+00:00,113.42,117.2,109.41,114.04,1844036035.0
2022-02-10 00:00:00+00:00,114.04,114.97,105.79,106.18,2534257400.0
2022-02-11 00:00:00+00:00,106.18,108.36,95.2,96.52,2244853464.0
2022-02-12 00:00:00+00:00,96.52,99.87,92.91,95.96,1722515979.0
2022-02-13 00:00:00+00:00,95.96,97.39,91.42,92.9,1150014559.0
2022-02-14 00:00:00+00:00,92.9,97.95,90.83,96.43,1787236369.0
2022-02-15 00:00:00+00:00,96.43,105.83,96.39,105.54,2134576044.0
2022-02-16 00:00:00+00:00,105.54,105.63,98.33,101.94,1908954820.0
2022-02-17 00:00:00+00:00,101.94,102.84,92.39,93.58,1872498133.0
2022-02-18 00:00:00+00:00,93.58,96.43,89.36,89.93,1669246812.0
2022-02-19 00:00:00+00:00,89.93,92.73,88.71,91.31,1084605729.0
2022-02-20 00:00:00+00:00,91.31,93.94,85.69,90.75,1912980153.0
2022-02-21 00:00:00+00:00,90.75,96.16,82.73,82.99,2892900595.0
2022-02-22 00:00:00+00:00,82.99,87.59,81.06,86.44,2046554018.0
2022-02-23 00:00:00+00:00,86.44,93.34,84.44,84.61,2293962445.0
2022-02-24 00:00:00+00:00,84.61,92.69,75.43,89.41,5253578948.0
2022-02-25 00:00:00+00:00,89.41,95.05,86.88,92.84,3069242551.0
2022-02-26 00:00:00+00:00,92.84,95.16,89.29,90.29,1721041901.0
2022-02-27 00:00:00+00:00,90.29,92.23,84.18,85.66,2012522473.0
2022-02-28 00:00:00+00:00,85.66,102.36,84.21,99.75,3457872746.0
2022-03-01 00:00:00+00:00,99.75,101.88,94.39,98.65,3225742519.0
2022-03-02 00:00:00+00:00,98.65,106.37,96.85,100.75,3800592927.0
2022-03-03 00:00:00+00:00,100.75,101.71,94.1,95.6,2309311748.0
2022-03-04 00:00:00+00:00,95.6,95.88,87.03,88.24,2592829728.0
2022-03-05 00:00:00+00:00,88.24,91.15,86.08,89.61,1437161887.0
2022-03-06 00:00:00+00:00,89.61,89.9,84.19,84.55,1467561782.0
2022-03-07 00:00:00+00:00,84.55,86.58,79.99,81.88,2375648176.0
2022-03-08 00:00:00+00:00,81.88,84.98,81.39,82.31,2112765959.0
2022-03-09 00:00:00+00:00,82.31,89.75,82.03,88.07,2624860794.0
2022-03-10 00:00:00+00:00,88.07,88.61,80.99,82.93,2196400279.0
2022-03-11 00:00:00+00:00,82.93,84.28,80.09,80.67,1852734626.0
2022-03-12 00:00:00+00:00,80.67,82.72,80.64,81.41,1036290480.0
2022-03-13 00:00:00+00:00,81.41,83.17,77.92,78.76,1316842580.0
2022-03-14 00:00:00+00:00,78.76,82.23,78.07,81.26,1676601058.0
2022-03-15 00:00:00+00:00,81.26,85.88,78.91,82.85,1627848455.0
2022-03-16 00:00:00+00:00,82.85,87.99,81.55,87.84,2370877301.0
2022-03-17 00:00:00+00:00,87.84,90.99,86.68,87.88,2440062581.0
2022-03-18 00:00:00+00:00,87.88,91.99,84.53,89.81,2745357460.0
2022-03-19 00:00:00+00:00,89.81,94.55,89.3,92.41,1951674158.0
2022-03-20 00:00:00+00:00,92.41,92.53,87.97,88.6,1286133603.0
2022-03-21 00:00:00+00:00,88.6,91.22,86.92,88.65,1598537312.0
2022-03-22 00:00:00+00:00,88.65,93.96,88.05,90.47,1879747152.0
2022-03-23 00:00:00+00:00,90.47,96.27,89.35,94.89,2099467745.0
2022-03-24 00:00:00+00:00,94.89,103.71,93.53,102.39,3601646600.0
2022-03-25 00:00:00+00:00,102.39,104.86,97.12,98.65,2175497007.0
2022-03-26 00:00:00+00:00,98.65,103.39,97.72,101.79,1282869612.0
2022-03-27 00:00:00+00:00,101.79,107.44,98.89,107.08,1572329892.0
2022-03-28 00:00:00+00:00,107.08,113.84,105.22,105.93,2877146388.0
2022-03-29 00:00:00+00:00,105.93,115.65,105.61,111.78,3052274877.0
2022-03-30 00:00:00+00:00,111.78,124.56,107.16,120.64,3908170428.0
2022-03-31 00:00:00+00:00,120.64,129.36,120.01,122.84,4115229587.0
2022-04-01 00:00:00+00:00,122.84,138.44,117.78,134.54,4434807484.0
2022-04-02 00:00:00+00:00,134.54,143.54,131.44,132.51,3394186456.0
2022-04-03 00:00:00+00:00,132.51,140.98,130.68,136.91,2585967812.0
2022-04-04 00:00:00+00:00,136.91,138.28,125.91,132.13,2828117206.0
2022-04-05 00:00:00+00:00,132.13,136.63,126.09,126.83,2239922210.0
2022-04-06 00:00:00+00:00,126.83,127.39,112.16,112.99,3281009143.0
2022-04-07 00:00:00+00:00,112.99,119.96,110.96,118.6,2431083313.0
2022-04-08 00:00:00+00:00,118.6,122.41,108.15,109.97,2376864565.0
2022-04-09 00:00:00+00:00,109.97,113.67,108.32,112.96,1202250516.0
2022-04-10 00:00:00+00:00,112.96,116.04,109.8,111.02,1280232450.0
2022-04-11 00:00:00+00:00,111.02,111.94,98.2,99.65,2272498194.0
2022-04-12 00:00:00+00:00,99.65,109.36,98.41,103.26,2317008207.0
2022-04-13 00:00:00+00:00,103.26,106.0,100.12,104.97,1675840412.0
2022-04-14 00:00:00+00:00,104.97,107.7,99.04,100.77,1686576071.0
2022-04-15 00:00:00+00:00,100.77,102.88,99.57,101.35,1050639351.0
2022-04-16 00:00:00+00:00,101.35,103.48,100.81,102.1,774939305.0
2022-04-17 00:00:00+00:00,102.1,105.44,99.68,100.18,1057908299.0
2022-04-18 00:00:00+00:00,100.18,102.66,94.85,102.37,1846133932.0
2022-04-19 00:00:00+00:00,102.37,108.82,101.06,108.61,1711909607.0
2022-04-20 00:00:00+00:00,108.61,110.91,104.35,105.59,1761531528.0
2022-04-21 00:00:00+00:00,105.59,109.98,100.03,101.77,1838571747.0
2022-04-22 00:00:00+00:00,101.77,103.55,99.23,100.54,1274793594.0
2022-04-23 00:00:00+00:00,100.54,102.89,98.37,100.61,823252482.0
2022-04-24 00:00:00+00:00,100.61,102.25,98.64,99.23,818266008.0
2022-04-25 00:00:00+00:00,99.23,101.58,94.35,100.99,1538486689.0
2022-04-26 00:00:00+00:00,100.99,101.98,94.68,95.71,1301074534.0
2022-04-27 00:00:00+00:00,95.71,100.76,94.93,98.34,1253566599.0
2022-04-28 00:00:00+00:00,98.34,100.54,96.35,98.22,1307131609.0
2022-04-29 00:00:00+00:00,98.22,98.64,92.34,93.93,1234575023.0
2022-04-30 00:00:00+00:00,93.93,94.93,82.03,84.65,1293033765.0
2022-05-01 00:00:00+00:00,84.65,93.11,84.17,89.68,1426749080.0
2022-05-02 00:00:00+00:00,89.68,90.86,85.08,87.47,1265220129.0
2022-05-03 00:00:00+00:00,87.47,88.78,84.64,85.84,1011988792.0
2022-05-04 00:00:00+00:00,85.84,93.03,85.46,92.75,1428455342.0
2022-05-05 00:00:00+00:00,92.75,95.17,81.42,84.51,1805979399.0
2022-05-06 00:00:00+00:00,84.51,84.75,79.94,81.65,1585081920.0
2022-05-07 00:00:00+00:00,81.65,82.27,77.19,78.83,1139093165.0
2022-05-08 00:00:00+00:00,78.83,79.34,73.71,75.31,1439700868.0
2022-05-09 00:00:00+00:00,75.31,77.19,61.79,62.11,2773999164.0
2022-05-10 00:00:00+00:00,62.11,74.03,60.24,66.85,3677013066.0
2022-05-11 00:00:00+00:00,66.85,68.35,43.12,50.82,4432811558.0
2022-05-12 00:00:00+00:00,50.82,53.97,35.95,44.58,4471167155.0
2022-05-13 00:00:00+00:00,44.58,56.27,43.83,48.86,2854210432.0
2022-05-14 00:00:00+00:00,48.86,53.7,45.87,52.34,2042138537.0
2022-05-15 00:00:00+00:00,52.34,59.19,49.59,58.74,1843835578.0
2022-05-16 00:00:00+00:00,58.74,58.75,51.87,53.69,2067312217.0
2022-05-17 00:00:00+00:00,53.69,58.14,53.03,57.02,1823895389.0
2022-05-18 00:00:00+00:00,57.02,57.82,49.39,49.83,1745565671.0
2022-05-19 00:00:00+00:00,49.83,53.99,48.22,52.12,1958004386.0
2022-05-20 00:00:00+00:00,52.12,53.57,47.76,49.37,1830699507.0
2022-05-21 00:00:00+00:00,49.37,51.16,48.38,50.25,979492374.0
2022-05-22 00:00:00+00:00,50.25,53.12,49.64,52.46,1105760506.0
2022-05-23 00:00:00+00:00,52.46,54.61,48.58,49.1,1661669360.0
2022-05-24 00:00:00+00:00,49.1,50.78,47.06,49.63,1508166642.0
2022-05-25 00:00:00+00:00,49.63,50.48,47.52,47.92,1304580067.0
2022-05-26 00:00:00+00:00,47.92,48.59,41.69,43.43,2208994514.0
2022-05-27 00:00:00+00:00,43.43,43.89,39.97,41.1,2256358026.0
2022-05-28 00:00:00+00:00,41.1,44.99,40.25,44.22,1254325884.0
2022-05-29 00:00:00+00:00,44.22,45.56,41.8,44.92,1317843243.0
2022-05-30 00:00:00+00:00,44.92,48.32,44.23,47.18,1708817065.0
2022-05-31 00:00:00+00:00,47.18,48.17,44.56,45.74,1509191627.0
2022-06-01 00:00:00+00:00,45.74,46.1,39.59,40.09,1422647092.0
2022-06-02 00:00:00+00:00,40.09,41.55,38.11,40.82,1554022054.0
2022-06-03 00:00:00+00:00,40.82,41.51,37.66,38.23,1348656102.0
2022-06-04 00:00:00+00:00,38.23,39.46,35.72,38.97,1130762770.0
2022-06-05 00:00:00+00:00,38.97,40.17,37.83,38.49,998532387.0
2022-06-06 00:00:00+00:00,38.49,44.65,38.31,42.36,1955057411.0
2022-06-07 00:00:00+00:00,42.36,42.65,37.36,39.29,1974825213.0
2022-06-08 00:00:00+00:00,39.29,40.89,38.29,38.79,1211034282.0
2022-06-09 00:00:00+00:00,38.79,41.9,38.41,39.93,1265873005.0
2022-06-10 00:00:00+00:00,39.93,40.87,36.81,37.12,1177042406.0
2022-06-11 00:00:00+00:00,37.12,37.88,33.15,33.86,1086904917.0
2022-06-12 00:00:00+00:00,33.86,34.4,30.54,30.59,1430666510.0
2022-06-13 00:00:00+00:00,30.59,31.05,26.02,28.54,2577135234.0
2022-06-14 00:00:00+00:00,28.54,32.2,25.84,29.51,2317785256.0
2022-06-15 00:00:00+00:00,29.51,34.8,26.75,34.71,2574959860.0
2022-06-16 00:00:00+00:00,34.71,35.9,29.53,30.08,1908909523.0
2022-06-17 00:00:00+00:00,30.08,32.08,29.23,30.67,1283536081.0
2022-06-18 00:00:00+00:00,30.67,31.97,27.06,31.97,1804420726.0
2022-06-19 00:00:00+00:00,31.97,35.31,28.69,34.16,2005402608.0
2022-06-20 00:00:00+00:00,34.16,36.84,31.7,35.22,1958378683.0
2022-06-21 00:00:00+00:00,35.22,39.11,34.2,36.37,1790090431.0
2022-06-22 00:00:00+00:00,36.37,36.84,33.61,34.07,1533123071.0
2022-06-23 00:00:00+00:00,34.07,38.57,33.89,38.13,1666479184.0
2022-06-24 00:00:00+00:00,38.13,42.87,37.65,41.87,1765927064.0
2022-06-25 00:00:00+00:00,41.87,42.56,39.73,42.2,1271293523.0
2022-06-26 00:00:00+00:00,42.2,42.45,39.16,39.38,1138724690.0
2022-06-27 00:00:00+00:00,39.38,41.22,37.96,38.46,1253389517.0
2022-06-28 00:00:00+00:00,38.46,39.85,35.04,35.29,1361946847.0
2022-06-29 00:00:00+00:00,35.29,36.05,33.09,33.96,1366803516.0
2022-06-30 00:00:00+00:00,33.96,34.14,30.88,33.74,1321861663.0
2022-07-01 00:00:00+00:00,33.74,35.34,31.75,32.8,1427407655.0
2022-07-02 00:00:00+00:00,32.8,34.09,31.82,33.32,765552187.0
2022-07-03 00:00:00+00:00,33.32,33.63,32.11,33.36,605659825.0
2022-07-04 00:00:00+00:00,33.36,36.89,32.42,36.68,1091202628.0
2022-07-05 00:00:00+00:00,36.68,36.93,33.11,35.37,1569156882.0
2022-07-06 00:00:00+00:00,35.37,37.57,34.78,37.01,1410588451.0
2022-07-07 00:00:00+00:00,37.01,39.23,36.37,38.46,1189167903.0
2022-07-08 00:00:00+00:00,38.46,39.81,36.45,38.11,1485794730.0
2022-07-09 00:00:00+00:00,38.11,38.88,37.76,38.05,789899204.0
2022-07-10 00:00:00+00:00,38.05,38.12,36.26,36.66,714119421.0
2022-07-11 00:00:00+00:00,36.66,36.71,33.23,33.4,930216020.0
2022-07-12 00:00:00+00:00,33.4,34.56,32.57,32.66,916386230.0
2022-07-13 00:00:00+00:00,32.66,35.03,31.85,34.93,1313110217.0
2022-07-14 00:00:00+00:00,34.93,37.26,33.56,37.13,1320137563.0
2022-07-15 00:00:00+00:00,37.13,39.07,36.52,37.37,1266226950.0
2022-07-16 00:00:00+00:00,37.37,40.45,36.36,39.59,1149921714.0
2022-07-17 00:00:00+00:00,39.59,41.07,38.3,38.62,1119935904.0
2022-07-18 00:00:00+00:00,38.62,44.04,38.55,43.54,1793335611.0
2022-07-19 00:00:00+00:00,43.54,47.45,42.56,44.88,2530289999.0
2022-07-20 00:00:00+00:00,44.88,46.32,41.27,42.03,2020822242.0
2022-07-21 00:00:00+00:00,42.03,44.07,39.67,43.11,1926399176.0
2022-07-22 00:00:00+00:00,43.11,44.32,40.04,40.55,1523873136.0
2022-07-23 00:00:00+00:00,40.55,41.92,38.62,39.98,1151436691.0
2022-07-24 00:00:00+00:00,39.98,42.09,39.48,40.96,1115260733.0
2022-07-25 00:00:00+00:00,40.96,41.1,36.58,36.6,1465847128.0
2022-07-26 00:00:00+00:00,36.6,36.81,34.68,36.27,1362323126.0
2022-07-27 00:00:00+00:00,36.27,40.54,35.68,40.24,1829226049.0
2022-07-28 00:00:00+00:00,40.24,44.19,39.05,42.94,2454901807.0
2022-07-29 00:00:00+00:00,42.94,44.4,41.18,41.93,2066610408.0
2022-07-30 00:00:00+00:00,41.93,46.68,41.46,43.85,1980341418.0
2022-07-31 00:00:00+00:00,43.85,45.21,42.24,42.37,1356657075.0
2022-08-01 00:00:00+00:00,42.37,43.26,40.61,41.66,1082119921.0
2022-08-02 00:00:00+00:00,41.66,42.43,39.53,39.75,1205226999.0
2022-08-03 00:00:00+00:00,39.75,41.02,37.48,38.57,2312325350.0
2022-08-04 00:00:00+00:00,38.57,39.82,37.96,38.82,1235137178.0
2022-08-05 00:00:00+00:00,38.82,41.34,38.71,40.56,1198859111.0
2022-08-06 00:00:00+00:00,40.56,40.91,39.85,40.07,650997770.0
2022-08-07 00:00:00+00:00,40.07,41.55,39.22,40.62,614104051.0
2022-08-08 00:00:00+00:00,40.62,43.69,40.56,42.22,1117550363.0
2022-08-09 00:00:00+00:00,42.22,42.76,39.76,40.35,895263875.0
2022-08-10 00:00:00+00:00,40.35,42.87,39.17,42.48,1389333742.0
2022-08-11 00:00:00+00:00,42.48,45.33,42.37,42.8,1735349568.0
2022-08-12 00:00:00+00:00,42.8,45.53,42.18,45.52,1128246063.0
2022-08-13 00:00:00+00:00,45.52,48.4,45.31,46.6,1416039040.0
2022-08-14 00:00:00+00:00,46.6,48.07,44.58,44.87,1061034922.0
2022-08-15 00:00:00+00:00,44.87,47.24,42.76,43.73,1364253429.0
2022-08-16 00:00:00+00:00,43.73,44.31,42.56,43.09,1131452045.0
2022-08-17 00:00:00+00:00,43.09,44.72,40.18,40.53,1336772691.0
2022-08-18 00:00:00+00:00,40.53,41.67,39.34,39.51,885648540.0
2022-08-19 00:00:00+00:00,39.51,39.59,35.57,35.82,1821467945.0
2022-08-20 00:00:00+00:00,35.82,37.26,34.19,35.28,1203622743.0
2022-08-21 00:00:00+00:00,35.28,37.03,34.54,36.48,982071275.0
2022-08-22 00:00:00+00:00,36.48,36.54,33.76,35.42,1139846770.0
2022-08-23 00:00:00+00:00,35.42,36.1,34.24,35.65,854779221.0
2022-08-24 00:00:00+00:00,35.65,36.39,34.31,34.88,946325778.0
2022-08-25 00:00:00+00:00,34.88,36.48,34.87,35.28,828503624.0
2022-08-26 00:00:00+00:00,35.28,35.78,31.37,31.73,1315871629.0
2022-08-27 00:00:00+00:00,31.73,32.24,30.87,31.52,764882265.0
2022-08-28 00:00:00+00:00,31.52,32.21,30.13,30.43,562501615.0
2022-08-29 00:00:00+00:00,30.43,32.64,29.97,32.43,891913484.0
2022-08-30 00:00:00+00:00,32.43,33.07,30.64,31.47,861409804.0
2022-08-31 00:00:00+00:00,31.47,32.96,31.18,31.49,769308937.0
2022-09-01 00:00:00+00:00,31.49,31.78,30.44,31.6,666487074.0
2022-09-02 00:00:00+00:00,31.6,32.38,30.77,31.24,659575995.0
2022-09-03 00:00:00+00:00,31.24,31.28,30.81,31.11,314531753.0
2022-09-04 00:00:00+00:00,31.11,32.19,31.03,32.16,392954663.0
2022-09-05 00:00:00+00:00,32.16,32.52,31.15,32.17,512588616.0
2022-09-06 00:00:00+00:00,32.17,33.86,30.46,30.89,1196204019.0
2022-09-07 00:00:00+00:00,30.89,32.93,30.32,32.7,779212909.0
2022-09-08 00:00:00+00:00,32.7,34.0,32.02,33.61,978070646.0
2022-09-09 00:00:00+00:00,33.61,35.95,33.6,34.69,1186140934.0
2022-09-10 00:00:00+00:00,34.69,35.42,34.29,35.06,731145106.0
2022-09-11 00:00:00+00:00,35.06,35.99,34.08,35.01,757216096.0
2022-09-12 00:00:00+00:00,35.01,38.37,34.42,37.46,1701399970.0
2022-09-13 00:00:00+00:00,37.46,38.96,32.94,32.99,1785181627.0
2022-09-14 00:00:00+00:00,32.99,34.34,32.71,34.12,1003604224.0
2022-09-15 00:00:00+00:00,34.12,34.86,32.29,33.07,1139377803.0
2022-09-16 00:00:00+00:00,33.07,33.25,31.54,32.24,765952525.0
2022-09-17 00:00:00+00:00,32.24,33.89,32.22,33.69,501302380.0
2022-09-18 00:00:00+00:00,33.69,33.99,30.87,31.1,694870049.0
2022-09-19 00:00:00+00:00,31.1,33.08,30.62,32.63,971182780.0
2022-09-20 00:00:00+00:00,32.63,32.88,31.31,31.42,819978937.0
2022-09-21 00:00:00+00:00,31.42,33.44,30.04,30.69,1193686258.0
2022-09-22 00:00:00+00:00,30.69,32.86,30.59,32.42,833702543.0
2022-09-23 00:00:00+00:00,32.42,33.96,31.21,33.66,982495447.0
2022-09-24 00:00:00+00:00,33.66,34.76,33.15,33.39,872691785.0
2022-09-25 00:00:00+00:00,33.39,34.03,31.9,32.33,610529879.0
2022-09-26 00:00:00+00:00,32.33,33.95,31.88,33.88,936313674.0
2022-09-27 00:00:00+00:00,33.88,35.41,32.08,32.68,1223724195.0
2022-09-28 00:00:00+00:00,32.68,33.8,31.64,33.23,998520503.0
2022-09-29 00:00:00+00:00,33.23,34.41,32.65,33.93,951223921.0
2022-09-30 00:00:00+00:00,33.93,35.2,32.62,33.25,1210784941.0
2022-10-01 00:00:00+00:00,33.25,33.25,32.37,32.44,572976679.0
2022-10-02 00:00:00+00:00,32.44,33.02,31.91,32.06,532211084.0
2022-10-03 00:00:00+00:00,32.06,33.26,31.8,32.9,633204077.0
2022-10-04 00:00:00+00:00,32.9,34.4,32.84,34.11,717157069.0
2022-10-05 00:00:00+00:00,34.11,34.38,33.21,34.05,655950188.0
2022-10-06 00:00:00+00:00,34.05,34.5,33.27,33.36,712289836.0
2022-10-07 00:00:00+00:00,33.36,33.77,32.43,32.99,649212486.0
2022-10-08 00:00:00+00:00,32.99,33.07,32.37,32.59,367021196.0
2022-10-09 00:00:00+00:00,32.59,33.13,32.45,32.93,405849928.0
2022-10-10 00:00:00+00:00,32.93,33.45,31.93,31.95,640691958.0
2022-10-11 00:00:00+00:00,31.95,31.95,30.42,30.79,733071932.0
2022-10-12 00:00:00+00:00,30.79,31.54,30.67,31.16,490127096.0
2022-10-13 00:00:00+00:00,31.16,31.2,27.75,30.51,1302451856.0
2022-10-14 00:00:00+00:00,30.51,31.98,29.64,30.0,836283411.0
2022-10-15 00:00:00+00:00,30.0,30.2,29.45,29.59,547825492.0
2022-10-16 00:00:00+00:00,29.59,30.52,29.56,30.16,608389719.0
2022-10-17 00:00:00+00:00,30.16,31.29,29.84,31.21,658840500.0
2022-10-18 00:00:00+00:00,31.21,31.48,29.74,30.14,715092973.0
2022-10-19 00:00:00+00:00,30.14,30.26,28.62,28.85,697269954.0
2022-10-20 00:00:00+00:00,28.85,29.47,27.97,28.01,803871622.0
2022-10-21 00:00:00+00:00,28.01,28.28,26.84,28.1,967208274.0
2022-10-22 00:00:00+00:00,28.1,28.22,27.49,28.01,474234383.0
2022-10-23 00:00:00+00:00,28.01,29.42,27.74,29.28,633157057.0
2022-10-24 00:00:00+00:00,29.28,29.49,28.17,28.3,667625312.0
2022-10-25 00:00:00+00:00,28.3,32.35,28.06,30.88,1336242036.0
2022-10-26 00:00:00+00:00,30.88,32.12,30.65,31.29,1250974763.0
2022-10-27 00:00:00+00:00,31.29,32.36,30.47,30.58,1275994871.0
2022-10-28 00:00:00+00:00,30.58,32.55,30.12,32.07,1063403956.0
2022-10-29 00:00:00+00:00,32.07,33.84,31.87,32.88,1165931963.0
2022-10-30 00:00:00+00:00,32.88,33.54,31.95,32.94,731319297.0
2022-10-31 00:00:00+00:00,32.94,34.39,32.21,32.56,1174404933.0
2022-11-01 00:00:00+00:00,32.56,33.39,32.16,32.2,729292793.0
2022-11-02 00:00:00+00:00,32.2,32.93,30.23,30.81,1166999748.0
2022-11-03 00:00:00+00:00,30.81,32.24,30.61,30.85,832207929.0
2022-11-04 00:00:00+00:00,30.85,34.21,30.66,33.74,1364403572.0
2022-11-05 00:00:00+00:00,33.74,38.74,33.67,36.89,2470595904.0
2022-11-06 00:00:00+00:00,36.89,37.05,32.34,32.62,1650006613.0
2022-11-07 00:00:00+00:00,32.62,33.12,28.15,29.62,2545092967.0
2022-11-08 00:00:00+00:00,29.62,31.63,21.5,24.02,6120104231.0
2022-11-09 00:00:00+00:00,24.02,24.03,12.08,14.17,4647808136.0
2022-11-10 00:00:00+00:00,14.17,19.08,12.9,17.6,4084381465.0
2022-11-11 00:00:00+00:00,17.6,18.25,15.15,16.35,2191908978.0
2022-11-12 00:00:00+00:00,16.35,16.38,14.44,14.55,866923655.0
2022-11-13 00:00:00+00:00,14.55,14.71,13.02,13.17,880792311.0
2022-11-14 00:00:00+00:00,13.17,14.98,12.21,13.98,1365413449.0
2022-11-15 00:00:00+00:00,13.98,15.09,13.8,14.29,833458645.0
2022-11-16 00:00:00+00:00,14.29,14.6,13.62,14.27,487495993.0
2022-11-17 00:00:00+00:00,14.27,14.51,12.92,13.64,673219780.0
2022-11-18 00:00:00+00:00,13.64,13.87,12.98,13.25,357193046.0
2022-11-19 00:00:00+00:00,13.25,13.26,12.58,12.82,314294255.0
2022-11-20 00:00:00+00:00,12.82,13.57,12.11,12.26,508411732.0
2022-11-21 00:00:00+00:00,12.26,12.27,11.26,11.83,504498729.0
2022-11-22 00:00:00+00:00,11.83,12.5,10.94,12.43,529418278.0
2022-11-23 00:00:00+00:00,12.43,14.46,12.39,14.34,859905329.0
2022-11-24 00:00:00+00:00,14.34,14.93,13.84,14.59,620159372.0
2022-11-25 00:00:00+00:00,14.59,14.6,13.89,14.01,323667943.0
2022-11-26 00:00:00+00:00,14.01,14.95,13.96,14.17,333271818.0
2022-11-27 00:00:00+00:00,14.17,14.44,14.05,14.1,225035409.0
2022-11-28 00:00:00+00:00,14.1,14.17,12.78,13.33,447463511.0
2022-11-29 00:00:00+00:00,13.33,13.95,13.15,13.34,265372933.0
2022-11-30 00:00:00+00:00,13.34,14.32,13.23,14.15,331594403.0
2022-12-01 00:00:00+00:00,14.15,14.19,13.4,13.52,232200065.0
2022-12-02 00:00:00+00:00,13.52,13.81,13.33,13.72,245049936.0
2022-12-03 00:00:00+00:00,13.72,13.77,13.22,13.3,161314094.0
2022-12-04 00:00:00+00:00,13.3,13.75,13.27,13.71,141802483.0
2022-12-05 00:00:00+00:00,13.71,14.16,13.59,13.82,335440747.0
2022-12-06 00:00:00+00:00,13.82,14.38,13.81,14.29,279979830.0
2022-12-07 00:00:00+00:00,14.29,14.33,13.44,13.5,223134812.0
2022-12-08 00:00:00+00:00,13.5,13.78,13.27,13.69,195918913.0
2022-12-09 00:00:00+00:00,13.69,14.02,13.5,13.58,211833041.0
2022-12-10 00:00:00+00:00,13.58,13.72,13.54,13.57,109293691.0
2022-12-11 00:00:00+00:00,13.57,13.8,13.39,13.43,117436002.0
2022-12-12 00:00:00+00:00,13.43,13.48,12.84,13.32,205298705.0
2022-12-13 00:00:00+00:00,13.32,14.15,12.78,13.89,315949878.0
2022-12-14 00:00:00+00:00,13.89,14.95,13.81,14.12,441479811.0
2022-12-15 00:00:00+00:00,14.12,14.52,13.87,14.04,272679087.0
2022-12-16 00:00:00+00:00,14.04,14.17,11.99,12.24,358747840.0
2022-12-17 00:00:00+00:00,12.24,12.55,11.94,12.51,222801055.0
2022-12-18 00:00:00+00:00,12.51,12.61,12.27,12.37,110722042.0
2022-12-19 00:00:00+00:00,12.37,12.59,11.67,11.94,206060595.0
2022-12-20 00:00:00+00:00,11.94,12.48,11.83,12.26,177388342.0
2022-12-21 00:00:00+00:00,12.26,12.29,11.9,12.14,167974882.0
2022-12-22 00:00:00+00:00,12.14,12.19,11.67,11.81,181200151.0
2022-12-23 00:00:00+00:00,11.81,12.11,11.72,11.78,157181374.0
2022-12-24 00:00:00+00:00,11.78,11.79,11.12,11.45,202780776.0
2022-12-25 00:00:00+00:00,11.45,11.55,11.24,11.39,105389060.0
2022-12-26 00:00:00+00:00,11.39,11.49,11.06,11.33,132410401.0
2022-12-27 00:00:00+00:00,11.33,11.44,10.72,11.09,223332961.0
2022-12-28 00:00:00+00:00,11.09,11.12,9.421,9.759,468728777.0
2022-12-29 00:00:00+00:00,9.759,10.82,8.028,9.641,772500177.0
2022-12-30 00:00:00+00:00,9.641,10.23,9.03,9.909,837030648.0
2022-12-31 00:00:00+00:00,9.909,10.18,9.659,9.952,285758573.0
2023-01-01 00:00:00+00:00,9.952,10.08,9.7,9.99,194221164.0
2023-01-02 00:00:00+00:00,9.99,11.97,9.791,11.28,558570124.0
2023-01-03 00:00:00+00:00,11.28,13.8,11.01,13.39,1149255381.0
2023-01-04 00:00:00+00:00,13.39,14.22,12.82,13.44,1142852070.0
2023-01-05 00:00:00+00:00,13.44,13.86,12.95,13.43,564255825.0
2023-01-06 00:00:00+00:00,13.43,13.59,12.69,13.5,517147909.0
2023-01-07 00:00:00+00:00,13.5,13.5,13.01,13.1,210349250.0
2023-01-08 00:00:00+00:00,13.1,14.87,12.85,14.45,535020165.0
2023-01-09 00:00:00+00:00,14.45,17.52,14.29,16.26,2029272608.0
2023-01-10 00:00:00+00:00,16.26,16.73,15.57,16.21,833408341.0
2023-01-11 00:00:00+00:00,16.21,16.6,15.29,16.37,630606082.0
2023-01-12 00:00:00+00:00,16.37,16.97,15.59,16.6,884719784.0
2023-01-13 00:00:00+00:00,16.6,18.6,16.32,18.29,1037251176.0
2023-01-14 00:00:00+00:00,18.29,24.72,18.21,24.24,3399684035.0
2023-01-15 00:00:00+00:00,24.24,24.91,21.99,22.88,1661787281.0
2023-01-16 00:00:00+00:00,22.88,25.0,22.27,23.58,1596086615.0
2023-01-17 00:00:00+00:00,23.58,23.95,22.72,22.89,926501252.0
2023-01-18 00:00:00+00:00,22.89,23.62,20.34,20.81,1427677518.0
2023-01-19 00:00:00+00:00,20.81,21.86,20.43,21.4,799641392.0
2023-01-20 00:00:00+00:00,21.4,25.81,20.93,25.54,1419157455.0
2023-01-21 00:00:00+00:00,25.54,26.46,24.38,24.57,1948796870.0
2023-01-22 00:00:00+00:00,24.57,25.43,23.52,24.22,1029738787.0
2023-01-23 00:00:00+00:00,24.22,24.93,23.76,24.35,874649827.0
2023-01-24 00:00:00+00:00,24.35,25.21,22.41,22.77,837211317.0
2023-01-25 00:00:00+00:00,22.77,25.41,22.24,24.51,1166026842.0
2023-01-26 00:00:00+00:00,24.51,25.22,23.79,24.35,809826004.0
2023-01-27 00:00:00+00:00,24.35,24.95,23.36,24.44,682926581.0
2023-01-28 00:00:00+00:00,24.44,25.19,23.74,24.01,489857934.0
2023-01-29 00:00:00+00:00,24.01,26.76,23.73,26.08,1131621628.0
2023-01-30 00:00:00+00:00,26.08,26.32,23.29,23.97,1084170329.0
2023-01-31 00:00:00+00:00,23.97,24.46,23.49,23.93,617019880.0
2023-02-01 00:00:00+00:00,23.93,25.2,22.51,25.0,984317489.0
2023-02-02 00:00:00+00:00,25.0,26.14,24.12,24.32,1017290364.0
2023-02-03 00:00:00+00:00,24.32,25.22,24.05,24.68,643813200.0
2023-02-04 00:00:00+00:00,24.68,24.94,24.2,24.36,321758043.0
2023-02-05 00:00:00+00:00,24.36,24.47,23.05,23.49,578466008.0
2023-02-06 00:00:00+00:00,23.49,23.73,22.51,22.69,449884793.0
2023-02-07 00:00:00+00:00,22.69,23.96,22.55,23.84,625438600.0
2023-02-08 00:00:00+00:00,23.84,24.2,22.81,23.22,534148944.0
2023-02-09 00:00:00+00:00,23.22,23.34,20.01,20.47,797436250.0
2023-02-10 00:00:00+00:00,20.47,21.21,19.71,20.13,654189930.0
2023-02-11 00:00:00+00:00,20.13,20.92,20.11,20.82,267159267.0
2023-02-12 00:00:00+00:00,20.82,22.43,20.63,21.51,532943787.0
2023-02-13 00:00:00+00:00,21.51,21.6,19.76,20.78,693292656.0
2023-02-14 00:00:00+00:00,20.78,22.38,20.69,21.85,865868623.0
2023-02-15 00:00:00+00:00,21.85,23.98,21.46,23.87,747616299.0
2023-02-16 00:00:00+00:00,23.87,24.15,22.21,22.26,885086333.0
2023-02-17 00:00:00+00:00,22.26,23.56,22.04,23.17,580803415.0
2023-02-18 00:00:00+00:00,23.17,23.92,22.93,23.47,370892073.0
2023-02-19 00:00:00+00:00,23.47,25.63,23.22,24.85,993875671.0
2023-02-20 00:00:00+00:00,24.85,27.11,24.13,26.26,1459545676.0
2023-02-21 00:00:00+00:00,26.26,26.61,24.5,24.98,925847245.0
2023-02-22 00:00:00+00:00,24.98,25.23,23.22,24.17,892548647.0
2023-02-23 00:00:00+00:00,24.17,24.7,23.61,23.92,579213279.0
2023-02-24 00:00:00+00:00,23.92,24.14,22.49,23.08,612377428.0
2023-02-25 00:00:00+00:00,23.07,23.33,21.46,22.4,547286025.0
2023-02-26 00:00:00+00:00,22.4,23.53,22.24,23.28,370371591.0
2023-02-27 00:00:00+00:00,23.28,23.41,22.33,22.67,475987023.0
2023-02-28 00:00:00+00:00,22.67,22.77,21.8,21.88,351065863.0
2023-03-01 00:00:00+00:00,21.88,22.89,21.7,22.51,346532018.0
2023-03-02 00:00:00+00:00,22.51,22.66,21.69,21.99,322545445.0
2023-03-03 00:00:00+00:00,21.99,22.01,20.4,21.42,489228523.0
2023-03-04 00:00:00+00:00,21.42,21.61,20.3,20.99,249364880.0
2023-03-05 00:00:00+00:00,20.99,21.67,20.84,20.97,278729462.0
2023-03-06 00:00:00+00:00,20.97,21.16,20.48,20.62,318022843.0
2023-03-07 00:00:00+00:00,20.62,20.95,19.73,20.24,394901279.0
2023-03-08 00:00:00+00:00,20.24,20.38,18.14,18.42,620543521.0
2023-03-09 00:00:00+00:00,18.42,18.75,16.73,17.35,754162560.0
2023-03-10 00:00:00+00:00,17.35,18.41,16.02,18.24,944032048.0
2023-03-11 00:00:00+00:00,18.24,19.12,17.05,18.21,696894876.0
2023-03-12 00:00:00+00:00,18.21,20.63,17.88,20.32,666940879.0
2023-03-13 00:00:00+00:00,20.32,21.47,18.9,20.47,1161164364.0
2023-03-14 00:00:00+00:00,20.47,22.19,19.85,20.93,1130224251.0
2023-03-15 00:00:00+00:00,20.93,21.55,18.77,19.32,816614774.0
2023-03-16 00:00:00+00:00,19.32,19.95,18.97,19.72,438673097.0
2023-03-17 00:00:00+00:00,19.72,21.71,19.47,21.65,623518286.0
2023-03-18 00:00:00+00:00,21.65,22.92,21.12,21.26,789771840.0
2023-03-19 00:00:00+00:00,21.26,22.49,21.25,21.91,475166077.0
2023-03-20 00:00:00+00:00,21.91,23.97,21.45,22.2,1147250538.0
2023-03-21 00:00:00+00:00,22.2,23.37,21.61,22.61,745081556.0
2023-03-22 00:00:00+00:00,22.61,23.12,21.01,21.46,851680842.0
2023-03-23 00:00:00+00:00,21.46,22.77,21.16,22.21,555730954.0
2023-03-24 00:00:00+00:00,22.21,22.3,20.29,20.68,547225198.0
2023-03-25 00:00:00+00:00,20.68,20.98,20.13,20.44,272949711.0
2023-03-26 00:00:00+00:00,20.44,21.16,20.32,20.96,226663968.0
2023-03-27 00:00:00+00:00,20.96,20.99,19.4,19.9,359607077.0
2023-03-28 00:00:00+00:00,19.9,20.84,19.63,20.45,347656506.0
2023-03-29 00:00:00+00:00,20.45,21.54,20.44,21.1,378726667.0
2023-03-30 00:00:00+00:00,21.1,21.67,20.18,20.55,472449267.0
2023-03-31 00:00:00+00:00,20.55,21.47,20.07,21.18,352864960.0
2023-04-01 00:00:00+00:00,21.18,21.33,20.8,21.09,209186327.0
2023-04-02 00:00:00+00:00,21.09,21.3,20.27,20.53,229561591.0
2023-04-03 00:00:00+00:00,20.53,21.0,19.99,20.46,437266506.0
2023-04-04 00:00:00+00:00,20.46,21.25,20.31,20.92,305630170.0
2023-04-05 00:00:00+00:00,20.92,21.34,20.6,20.97,324885702.0
2023-04-06 00:00:00+00:00,20.97,20.99,20.47,20.62,222557225.0
2023-04-07 00:00:00+00:00,20.62,20.78,20.25,20.45,171660856.0
2023-04-08 00:00:00+00:00,20.45,20.73,19.9,20.04,194413927.0
2023-04-09 00:00:00+00:00,20.04,20.44,19.91,20.3,152580905.0
2023-04-10 00:00:00+00:00,20.3,20.96,20.1,20.92,224169192.0
2023-04-11 00:00:00+00:00,20.92,23.72,20.84,23.01,1083533914.0
2023-04-12 00:00:00+00:00,23.01,24.46,22.35,23.82,1204250258.0
2023-04-13 00:00:00+00:00,23.82,25.28,23.67,24.46,792335438.0
2023-04-14 00:00:00+00:00,24.46,25.51,23.77,24.74,859037933.0
2023-04-15 00:00:00+00:00,24.74,24.81,23.84,24.07,379745930.0
2023-04-16 00:00:00+00:00,24.07,25.49,23.86,25.37,466841333.0
2023-04-17 00:00:00+00:00,25.37,26.01,24.36,24.59,789077237.0
2023-04-18 00:00:00+00:00,24.59,25.45,24.0,24.83,487693856.0
2023-04-19 00:00:00+00:00,24.83,24.99,22.04,22.69,836873906.0
2023-04-20 00:00:00+00:00,22.69,23.16,21.58,22.2,658826580.0
2023-04-21 00:00:00+00:00,22.2,22.4,21.01,21.26,489546774.0
2023-04-22 00:00:00+00:00,21.26,21.98,21.06,21.8,246809009.0
2023-04-23 00:00:00+00:00,21.8,22.24,20.98,21.47,314447869.0
2023-04-24 00:00:00+00:00,21.47,22.0,21.02,21.39,358681450.0
2023-04-25 00:00:00+00:00,21.39,21.95,20.75,21.94,367752382.0
2023-04-26 00:00:00+00:00,21.94,22.96,20.43,21.28,690088236.0
2023-04-27 00:00:00+00:00,21.28,22.54,21.2,22.33,509745191.0
2023-04-28 00:00:00+00:00,22.33,23.5,22.19,23.36,511781472.0
2023-04-29 00:00:00+00:00,23.36,23.82,22.95,23.2,369964075.0
2023-04-30 00:00:00+00:00,23.2,23.97,22.7,22.73,368042267.0
2023-05-01 00:00:00+00:00,22.73,22.88,21.59,21.97,438350469.0
2023-05-02 00:00:00+00:00,21.97,22.4,21.76,22.27,296722866.0
2023-05-03 00:00:00+00:00,22.27,22.3,21.25,22.24,445797367.0
2023-05-04 00:00:00+00:00,22.24,22.53,21.63,21.74,291826693.0
2023-05-05 00:00:00+00:00,21.74,23.07,21.66,22.85,423211212.0
2023-05-06 00:00:00+00:00,22.85,23.27,21.63,21.97,351934449.0
2023-05-07 00:00:00+00:00,21.97,22.8,21.69,21.7,303626005.0
2023-05-08 00:00:00+00:00,21.7,21.85,20.06,20.69,553548056.0
2023-05-09 00:00:00+00:00,20.69,21.06,20.4,20.69,272780907.0
2023-05-10 00:00:00+00:00,20.69,21.32,19.99,20.94,490700208.0
2023-05-11 00:00:00+00:00,20.94,20.95,19.8,20.2,376535594.0
2023-05-12 00:00:00+00:00,20.2,20.97,19.83,20.92,362726295.0
2023-05-13 00:00:00+00:00,20.92,21.29,20.79,20.85,224618367.0
2023-05-14 00:00:00+00:00,20.85,21.26,20.64,20.94,184522451.0
2023-05-15 00:00:00+00:00,20.94,21.52,20.62,20.99,307353987.0
2023-05-16 00:00:00+00:00,20.99,21.14,20.44,20.68,279283146.0
2023-05-17 00:00:00+00:00,20.68,21.19,20.43,21.06,279742763.0
2023-05-18 00:00:00+00:00,21.06,21.09,20.1,20.34,293327002.0
2023-05-19 00:00:00+00:00,20.34,20.58,20.24,20.35,149073606.0
2023-05-20 00:00:00+00:00,20.35,20.36,20.12,20.28,121021517.0
2023-05-21 00:00:00+00:00,20.28,20.39,19.44,19.62,210641913.0
2023-05-22 00:00:00+00:00,19.62,20.02,19.31,19.53,216922971.0
2023-05-23 00:00:00+00:00,19.53,20.17,19.42,20.03,258761187.0
2023-05-24 00:00:00+00:00,20.03,20.06,18.78,19.22,297840141.0
2023-05-25 00:00:00+00:00,19.22,19.54,18.8,19.25,194537149.0
2023-05-26 00:00:00+00:00,19.25,19.56,19.09,19.36,140228468.0
2023-05-27 00:00:00+00:00,19.36,20.53,19.34,20.44,179682882.0
2023-05-28 00:00:00+00:00,20.44,21.18,20.31,20.82,291460886.0
2023-05-29 00:00:00+00:00,20.82,20.99,20.28,20.59,228295637.0
2023-05-30 00:00:00+00:00,20.59,21.43,20.48,21.27,367512387.0
2023-05-31 00:00:00+00:00,21.27,21.34,20.41,20.82,246152341.0
2023-06-01 00:00:00+00:00,20.82,20.99,20.43,20.51,209047110.0
2023-06-02 00:00:00+00:00,20.51,21.37,20.32,21.26,237609887.0
2023-06-03 00:00:00+00:00,21.26,21.36,20.99,21.21,144933830.0
2023-06-04 00:00:00+00:00,21.21,22.31,21.05,21.82,317802167.0
2023-06-05 00:00:00+00:00,21.82,22.06,19.23,20.02,594214946.0
2023-06-06 00:00:00+00:00,20.02,20.7,19.26,20.4,441408235.0
2023-06-07 00:00:00+00:00,20.4,20.54,18.53,18.63,390444801.0
2023-06-08 00:00:00+00:00,18.63,19.1,18.26,18.89,258460307.0
2023-06-09 00:00:00+00:00,18.89,19.36,17.11,17.4,463344687.0
2023-06-10 00:00:00+00:00,17.4,17.41,13.13,15.64,1230339924.0
2023-06-11 00:00:00+00:00,15.64,16.17,15.13,15.55,446176848.0
2023-06-12 00:00:00+00:00,15.55,15.68,14.75,15.18,384209938.0
2023-06-13 00:00:00+00:00,15.18,15.99,14.77,15.03,363876713.0
2023-06-14 00:00:00+00:00,15.03,15.35,14.12,14.48,296502336.0
2023-06-15 00:00:00+00:00,14.48,15.05,14.17,14.77,329864409.0
2023-06-16 00:00:00+00:00,14.77,15.45,14.43,15.32,232544705.0
2023-06-17 00:00:00+00:00,15.32,16.1,15.16,15.65,206436912.0
2023-06-18 00:00:00+00:00,15.65,15.84,15.31,15.43,141612316.0
2023-06-19 00:00:00+00:00,15.43,16.13,15.36,16.1,163949883.0
2023-06-20 00:00:00+00:00,16.1,16.68,15.73,16.65,265787114.0
2023-06-21 00:00:00+00:00,16.65,17.41,16.57,17.24,357788986.0
2023-06-22 00:00:00+00:00,17.24,17.74,16.58,16.64,299233520.0
2023-06-23 00:00:00+00:00,16.64,17.55,16.19,17.15,386994632.0
2023-06-24 00:00:00+00:00,17.15,17.53,16.43,16.66,260480952.0
2023-06-25 00:00:00+00:00,16.66,17.38,16.58,16.97,252839095.0
2023-06-26 00:00:00+00:00,16.97,17.12,15.95,16.28,275948459.0
2023-06-27 00:00:00+00:00,16.28,16.93,16.14,16.63,259041273.0
2023-06-28 00:00:00+00:00,16.63,16.64,15.7,15.98,327399744.0
2023-06-29 00:00:00+00:00,15.98,18.27,15.87,17.99,737633196.0
2023-06-30 00:00:00+00:00,17.99,19.99,17.11,18.86,1120379648.0
2023-07-01 00:00:00+00:00,18.86,19.01,17.91,18.71,349552752.0
2023-07-02 00:00:00+00:00,18.71,19.73,18.55,19.46,497231250.0
2023-07-03 00:00:00+00:00,19.46,19.65,18.87,19.27,324227812.0
2023-07-04 00:00:00+00:00,19.27,19.94,19.08,19.15,345225951.0
2023-07-05 00:00:00+00:00,19.15,19.39,18.45,19.0,260416081.0
2023-07-06 00:00:00+00:00,19.0,20.97,18.75,19.61,903770571.0
2023-07-07 00:00:00+00:00,19.61,21.7,19.27,21.51,988591308.0
2023-07-08 00:00:00+00:00,21.51,22.46,21.32,21.82,693929963.0
2023-07-09 00:00:00+00:00,21.82,22.35,21.01,21.33,405174806.0
2023-07-10 00:00:00+00:00,21.33,21.8,20.51,21.3,543191863.0
2023-07-11 00:00:00+00:00,21.3,22.34,21.22,22.07,453810523.0
2023-07-12 00:00:00+00:00,22.07,22.74,21.77,21.93,541605988.0
2023-07-13 00:00:00+00:00,21.93,26.79,21.44,26.02,1527996472.0
2023-07-14 00:00:00+00:00,26.02,32.06,25.25,26.7,2184090884.0
2023-07-15 00:00:00+00:00,26.7,29.1,26.51,27.45,1323279744.0
2023-07-16 00:00:00+00:00,27.45,28.61,26.54,27.43,753056132.0
2023-07-17 00:00:00+00:00,27.43,28.47,25.61,26.83,970813262.0
2023-07-18 00:00:00+00:00,26.83,27.09,24.76,25.56,696782373.0
2023-07-19 00:00:00+00:00,25.56,26.99,25.37,26.31,603189951.0
2023-07-20 00:00:00+00:00,26.31,27.35,25.05,25.36,606255421.0
2023-07-21 00:00:00+00:00,25.36,26.01,25.07,25.51,410907584.0
2023-07-22 00:00:00+00:00,25.51,25.97,24.09,24.52,335432006.0
2023-07-23 00:00:00+00:00,24.52,25.25,24.16,24.76,330741258.0
2023-07-24 00:00:00+00:00,24.76,24.83,22.87,23.37,492344649.0
2023-07-25 00:00:00+00:00,23.37,24.0,22.75,23.29,346742173.0
2023-07-26 00:00:00+00:00,23.29,25.65,23.18,25.18,688135176.0
2023-07-27 00:00:00+00:00,25.18,25.65,24.68,25.1,514211484.0
2023-07-28 00:00:00+00:00,25.1,25.52,24.52,24.81,374045446.0
2023-07-29 00:00:00+00:00,24.81,25.38,24.74,25.16,265061245.0
2023-07-30 00:00:00+00:00,25.16,25.21,23.55,24.25,365262222.0
2023-07-31 00:00:00+00:00,24.25,24.79,23.54,23.72,376948332.0
2023-08-01 00:00:00+00:00,23.72,24.05,22.81,24.05,428254164.0
2023-08-02 00:00:00+00:00,24.05,24.27,22.87,23.14,393185796.0
2023-08-03 00:00:00+00:00,23.14,23.38,22.49,22.62,365983702.0
2023-08-04 00:00:00+00:00,22.62,23.55,22.5,22.77,382245804.0
2023-08-05 00:00:00+00:00,22.77,22.91,22.22,22.63,250613466.0
2023-08-06 00:00:00+00:00,22.63,23.44,22.57,23.18,320595154.0
2023-08-07 00:00:00+00:00,23.18,23.61,22.33,23.11,353804981.0
2023-08-08 00:00:00+00:00,23.11,24.77,23.01,24.21,495649796.0
2023-08-09 00:00:00+00:00,24.21,25.0,24.1,24.37,447009018.0
2023-08-10 00:00:00+00:00,24.37,24.88,24.11,24.59,339616018.0
2023-08-11 00:00:00+00:00,24.59,24.89,24.32,24.61,314045619.0
2023-08-12 00:00:00+00:00,24.61,25.18,24.38,24.91,253389584.0
2023-08-13 00:00:00+00:00,24.91,24.94,24.19,24.21,263449955.0
2023-08-14 00:00:00+00:00,24.21,25.28,24.05,25.17,359715099.0
2023-08-15 00:00:00+00:00,25.17,25.34,23.72,23.88,424193111.0
2023-08-16 00:00:00+00:00,23.88,24.0,22.38,22.79,441171937.0
2023-08-17 00:00:00+00:00,22.79,23.4,20.27,21.69,620931325.0
2023-08-18 00:00:00+00:00,21.69,22.19,20.92,21.33,411279768.0
2023-08-19 00:00:00+00:00,21.33,22.16,21.29,21.89,244048976.0
2023-08-20 00:00:00+00:00,21.89,22.03,21.58,21.77,198853112.0
2023-08-21 00:00:00+00:00,21.77,21.77,20.35,21.2,339125910.0
2023-08-22 00:00:00+00:00,21.2,21.27,19.37,20.56,381594696.0
2023-08-23 00:00:00+00:00,20.56,21.81,20.38,21.73,404686524.0
2023-08-24 00:00:00+00:00,21.73,22.02,20.68,21.05,328472951.0
2023-08-25 00:00:00+00:00,21.05,21.05,20.08,20.42,278312420.0
2023-08-26 00:00:00+00:00,20.42,20.43,20.18,20.28,144065112.0
2023-08-27 00:00:00+00:00,20.28,20.9,20.23,20.79,177496132.0
2023-08-28 00:00:00+00:00,20.79,20.79,20.03,20.55,200600033.0
2023-08-29 00:00:00+00:00,20.55,22.02,20.11,21.79,469679540.0
2023-08-30 00:00:00+00:00,21.79,21.99,20.61,20.82,292322455.0
2023-08-31 00:00:00+00:00,20.82,21.05,19.43,19.73,343649256.0
2023-09-01 00:00:00+00:00,19.73,19.92,19.03,19.32,286842939.0
2023-09-02 00:00:00+00:00,19.32,19.68,19.14,19.49,200858690.0
2023-09-03 00:00:00+00:00,19.49,19.66,19.24,19.57,164570332.0
2023-09-04 00:00:00+00:00,19.57,20.02,19.18,19.51,220024399.0
2023-09-05 00:00:00+00:00,19.51,20.57,19.04,20.26,387328289.0
2023-09-06 00:00:00+00:00,20.26,20.37,19.15,19.64,313630984.0
2023-09-07 00:00:00+00:00,19.64,19.99,19.32,19.91,242438252.0
2023-09-08 00:00:00+00:00,19.91,20.28,19.36,19.61,219114497.0
2023-09-09 00:00:00+00:00,19.61,19.61,19.37,19.44,101925453.0
2023-09-10 00:00:00+00:00,19.44,19.44,17.81,18.24,520683204.0
2023-09-11 00:00:00+00:00,18.24,18.45,17.36,17.72,380225621.0
2023-09-12 00:00:00+00:00,17.72,18.78,17.57,17.92,361388393.0
2023-09-13 00:00:00+00:00,17.92,18.56,17.69,18.4,356729875.0
2023-09-14 00:00:00+00:00,18.4,19.32,18.4,18.86,349380172.0
2023-09-15 00:00:00+00:00,18.86,19.49,18.56,19.14,205202282.0
2023-09-16 00:00:00+00:00,19.14,19.44,18.88,19.13,146477836.0
2023-09-17 00:00:00+00:00,19.13,19.14,18.66,18.82,112594680.0
2023-09-18 00:00:00+00:00,18.82,20.14,18.61,19.66,316245106.0
2023-09-19 00:00:00+00:00,19.66,20.38,19.58,20.04,253895801.0
2023-09-20 00:00:00+00:00,20.04,20.51,19.81,20.29,233206126.0
2023-09-21 00:00:00+00:00,20.29,20.3,19.28,19.46,253809695.0
2023-09-22 00:00:00+00:00,19.46,19.79,19.17,19.42,170874161.0
2023-09-23 00:00:00+00:00,19.42,19.57,19.29,19.48,97379053.0
2023-09-24 00:00:00+00:00,19.48,19.67,19.22,19.36,115380619.0
2023-09-25 00:00:00+00:00,19.36,19.74,19.1,19.39,163848456.0
2023-09-26 00:00:00+00:00,19.39,19.51,18.84,19.02,170201883.0
2023-09-27 00:00:00+00:00,19.02,19.46,18.74,19.12,210385139.0
2023-09-28 00:00:00+00:00,19.12,20.03,19.09,19.98,225954938.0
2023-09-29 00:00:00+00:00,19.98,20.45,19.86,20.27,219571069.0
2023-09-30 00:00:00+00:00,20.27,21.79,20.09,21.36,328987954.0
2023-10-01 00:00:00+00:00,21.36,24.46,21.14,23.86,637123111.0
2023-10-02 00:00:00+00:00,23.86,24.74,22.92,23.36,658084028.0
2023-10-03 00:00:00+00:00,23.36,24.73,23.23,23.61,653491878.0
2023-10-04 00:00:00+00:00,23.61,23.83,22.61,23.14,429268875.0
2023-10-05 00:00:00+00:00,23.14,23.88,22.59,22.69,361288781.0
2023-10-06 00:00:00+00:00,22.69,23.76,22.67,23.43,402665506.0
2023-10-07 00:00:00+00:00,23.43,24.18,23.11,23.31,278403509.0
2023-10-08 00:00:00+00:00,23.31,23.64,23.09,23.24,190670414.0
2023-10-09 00:00:00+00:00,23.24,23.37,21.65,22.1,356967743.0
2023-10-10 00:00:00+00:00,22.1,22.48,21.71,22.11,241087146.0
2023-10-11 00:00:00+00:00,22.11,22.4,21.61,22.01,278925381.0
2023-10-12 00:00:00+00:00,22.01,22.03,20.96,21.29,283320977.0
2023-10-13 00:00:00+00:00,21.29,22.19,21.11,21.84,269268807.0
2023-10-14 00:00:00+00:00,21.84,22.23,21.81,22.0,174004594.0
2023-10-15 00:00:00+00:00,22.0,22.17,21.67,21.94,178940996.0
2023-10-16 00:00:00+00:00,21.94,24.79,21.91,23.97,726713710.0
2023-10-17 00:00:00+00:00,23.97,24.55,23.49,23.95,520830665.0
2023-10-18 00:00:00+00:00,23.95,24.41,23.36,23.42,362606644.0
2023-10-19 00:00:00+00:00,23.42,25.62,23.15,24.94,663249208.0
2023-10-20 00:00:00+00:00,24.94,27.43,24.75,27.04,910991447.0
2023-10-21 00:00:00+00:00,27.04,30.27,26.67,29.33,1160814433.0
2023-10-22 00:00:00+00:00,29.33,30.01,28.1,29.05,665340924.0
2023-10-23 00:00:00+00:00,29.05,32.73,28.76,31.92,1581590969.0
2023-10-24 00:00:00+00:00,31.92,32.58,29.53,30.18,1450364573.0
2023-10-25 00:00:00+00:00,30.18,33.87,30.01,32.44,1458706203.0
2023-10-26 00:00:00+00:00,32.44,33.26,30.73,32.77,1015617285.0
2023-10-27 00:00:00+00:00,32.77,33.34,31.31,31.74,870812666.0
2023-10-28 00:00:00+00:00,31.74,32.51,31.41,31.65,380462073.0
2023-10-29 00:00:00+00:00,31.65,33.16,31.31,32.84,507672244.0
2023-10-30 00:00:00+00:00,32.84,35.31,32.47,34.95,1099930941.0
2023-10-31 00:00:00+00:00,34.95,38.6,34.85,38.43,1577034191.0
2023-11-01 00:00:00+00:00,38.43,46.84,37.95,41.17,3630725002.0
2023-11-02 00:00:00+00:00,41.17,44.56,38.67,40.25,2583692673.0
2023-11-03 00:00:00+00:00,40.25,40.25,38.05,39.48,1755955299.0
2023-11-04 00:00:00+00:00,39.48,42.75,39.02,42.44,1454107898.0
2023-11-05 00:00:00+00:00,42.44,42.86,40.3,41.2,884855278.0
2023-11-06 00:00:00+00:00,41.2,42.21,39.7,42.17,1010459088.0
2023-11-07 00:00:00+00:00,42.17,44.74,40.12,42.95,1780187159.0
2023-11-08 00:00:00+00:00,42.95,43.87,42.28,43.13,1009177437.0
2023-11-09 00:00:00+00:00,43.13,48.87,42.53,45.31,2830770419.0
2023-11-10 00:00:00+00:00,45.31,57.63,45.08,56.72,3795204638.0
2023-11-11 00:00:00+00:00,56.72,63.93,53.63,56.34,4182963132.0
2023-11-12 00:00:00+00:00,56.34,61.88,54.54,56.3,2987356952.0
2023-11-13 00:00:00+00:00,56.3,59.83,51.6,51.61,2942685126.0
2023-11-14 00:00:00+00:00,51.61,57.93,51.31,56.83,3195616616.0
2023-11-15 00:00:00+00:00,56.83,67.14,56.16,65.5,3793937162.0
2023-11-16 00:00:00+00:00,65.5,68.16,56.39,57.78,3922608772.0
2023-11-17 00:00:00+00:00,57.78,60.54,54.13,58.54,3185454735.0
2023-11-18 00:00:00+00:00,58.54,59.38,54.74,58.58,1942321169.0
2023-11-19 00:00:00+00:00,58.58,62.18,56.67,61.13,1998656461.0
2023-11-20 00:00:00+00:00,61.13,61.34,56.04,56.6,1937313546.0
2023-11-21 00:00:00+00:00,56.6,57.39,51.31,51.66,2440890238.0
2023-11-22 00:00:00+00:00,51.66,58.93,51.49,57.58,1985653842.0
2023-11-23 00:00:00+00:00,57.58,59.56,56.16,56.46,1379316733.0
2023-11-24 00:00:00+00:00,56.46,58.76,56.19,56.86,1146346831.0
2023-11-25 00:00:00+00:00,56.86,59.76,55.91,58.83,1183793273.0
2023-11-26 00:00:00+00:00,58.83,59.06,56.18,57.57,871154750.0
2023-11-27 00:00:00+00:00,57.57,58.05,53.5,55.07,1237763215.0
2023-11-28 00:00:00+00:00,55.07,58.7,53.95,58.21,1412314015.0
2023-11-29 00:00:00+00:00,58.21,61.79,57.75,59.29,1941361674.0
2023-11-30 00:00:00+00:00,59.29,61.69,58.77,59.28,1263841021.0
2023-12-01 00:00:00+00:00,59.28,61.89,58.64,59.78,1376669760.0
2023-12-02 00:00:00+00:00,59.78,63.92,59.7,63.71,1346327049.0
2023-12-03 00:00:00+00:00,63.71,65.54,62.27,63.0,1368876645.0
2023-12-04 00:00:00+00:00,63.0,65.24,59.47,61.58,2211865569.0
2023-12-05 00:00:00+00:00,61.58,62.56,59.14,61.01,1693517649.0
2023-12-06 00:00:00+00:00,61.01,66.61,61.01,61.86,3030993886.0
2023-12-07 00:00:00+00:00,61.86,69.41,61.65,67.78,3002455075.0
2023-12-08 00:00:00+00:00,67.78,75.3,67.78,74.94,3612712432.0
2023-12-09 00:00:00+00:00,74.94,77.75,71.63,72.25,2893248364.0
2023-12-10 00:00:00+00:00,72.25,74.87,70.67,74.81,1849363354.0
2023-12-11 00:00:00+00:00,74.81,74.93,65.87,70.24,3729540309.0
2023-12-12 00:00:00+00:00,70.24,72.44,65.75,68.54,2366453484.0
2023-12-13 00:00:00+00:00,68.54,73.26,63.76,70.63,2414610075.0
2023-12-14 00:00:00+00:00,70.63,76.23,68.45,75.68,2464938440.0
2023-12-15 00:00:00+00:00,75.68,79.44,72.09,72.52,2821390652.0
2023-12-16 00:00:00+00:00,72.52,77.17,71.18,73.67,1781972898.0
2023-12-17 00:00:00+00:00,73.67,74.9,70.42,70.77,1552380672.0
2023-12-18 00:00:00+00:00,70.77,75.46,67.08,74.41,2281865174.0
2023-12-19 00:00:00+00:00,74.41,76.3,71.78,73.02,1900875405.0
2023-12-20 00:00:00+00:00,73.02,84.12,72.96,82.23,3745738278.0
2023-12-21 00:00:00+00:00,82.23,95.61,81.09,93.89,4711493441.0
2023-12-22 00:00:00+00:00,93.89,99.54,90.34,98.01,5284203995.0
2023-12-23 00:00:00+00:00,98.01,110.0,92.93,107.95,3957434568.0
2023-12-24 00:00:00+00:00,107.95,118.04,107.41,112.54,6365529251.0
2023-12-25 00:00:00+00:00,112.54,125.95,108.04,120.95,5951791518.0
2023-12-26 00:00:00+00:00,120.95,121.32,102.17,112.48,6117657160.0
2023-12-27 00:00:00+00:00,112.48,115.32,104.83,106.93,4267938569.0
2023-12-28 00:00:00+00:00,106.93,109.66,97.11,101.85,4492625126.0
2023-12-29 00:00:00+00:00,101.85,109.92,99.56,106.19,4445797973.0
2023-12-30 00:00:00+00:00,106.19,107.42,100.74,101.9,1863177830.0
2023-12-31 00:00:00+00:00,101.9,105.14,99.44,101.73,1748630533.0
2024-01-01 00:00:00+00:00,101.73,110.25,101.48,110.02,2157671990.0
2024-01-02 00:00:00+00:00,110.02,117.0,106.05,106.76,3782057553.0
2024-01-03 00:00:00+00:00,106.76,109.96,84.21,98.59,5472216595.0
2024-01-04 00:00:00+00:00,98.59,108.13,96.77,105.02,3272723247.0
2024-01-05 00:00:00+00:00,105.02,105.48,95.4,100.01,3022127826.0
2024-01-06 00:00:00+00:00,100.01,100.31,91.66,93.83,2235902092.0
2024-01-07 00:00:00+00:00,93.83,96.81,87.87,89.49,2288061692.0
2024-01-08 00:00:00+00:00,89.49,99.98,85.49,98.01,4152448360.0
2024-01-09 00:00:00+00:00,98.01,104.15,95.45,99.45,4070131683.0
2024-01-10 00:00:00+00:00,99.45,105.6,92.23,102.01,4216429514.0
2024-01-11 00:00:00+00:00,102.01,107.19,97.55,99.9,4174026719.0
2024-01-12 00:00:00+00:00,99.9,100.47,86.94,92.06,2868799888.0
2024-01-13 00:00:00+00:00,92.06,97.29,89.53,95.84,1880329065.0
2024-01-14 00:00:00+00:00,95.84,104.4,93.68,93.8,2736734725.0
2024-01-15 00:00:00+00:00,93.8,96.89,93.01,94.32,1755858499.0
2024-01-16 00:00:00+00:00,94.32,98.69,94.1,97.59,1806576879.0
2024-01-17 00:00:00+00:00,97.59,102.7,96.72,102.07,3220344763.0
2024-01-18 00:00:00+00:00,102.07,103.45,91.48,94.31,2684524713.0
2024-01-19 00:00:00+00:00,94.31,95.34,87.02,93.59,2631067383.0
2024-01-20 00:00:00+00:00,93.59,94.13,90.17,92.75,1204443546.0
2024-01-21 00:00:00+00:00,92.75,93.85,90.74,91.0,894963197.0
2024-01-22 00:00:00+00:00,91.0,91.83,82.01,83.74,2662287481.0
2024-01-23 00:00:00+00:00,83.74,85.87,78.91,84.29,2990436327.0
2024-01-24 00:00:00+00:00,84.29,89.37,83.29,88.74,2352477736.0
2024-01-25 00:00:00+00:00,88.74,89.54,85.07,86.86,1674093024.0
2024-01-26 00:00:00+00:00,86.86,93.68,85.91,92.23,2027305107.0
2024-01-27 00:00:00+00:00,92.23,94.62,90.69,94.26,1256585307.0
2024-01-28 00:00:00+00:00,94.26,99.42,93.48,95.97,2425625612.0
2024-01-29 00:00:00+00:00,95.97,101.95,95.07,101.67,2604890575.0
2024-01-30 00:00:00+00:00,101.67,106.39,100.99,101.4,3328090833.0
2024-01-31 00:00:00+00:00,101.4,102.72,95.89,96.89,3814467068.0
2024-02-01 00:00:00+00:00,96.89,98.84,93.02,97.78,2951395444.0
2024-02-02 00:00:00+00:00,97.78,102.47,97.4,100.51,2574044077.0
2024-02-03 00:00:00+00:00,100.51,101.15,96.62,97.9,1349320819.0
2024-02-04 00:00:00+00:00,97.9,98.51,95.08,95.42,1304106726.0
2024-02-05 00:00:00+00:00,95.42,98.57,94.14,95.5,1635327054.0
2024-02-06 00:00:00+00:00,95.5,97.87,93.1,96.85,1699997346.0
2024-02-07 00:00:00+00:00,96.85,101.5,94.6,101.11,1733607189.0
2024-02-08 00:00:00+00:00,101.11,105.13,100.54,102.79,2288429230.0
2024-02-09 00:00:00+00:00,102.79,109.13,102.79,106.96,2852770180.0
2024-02-10 00:00:00+00:00,106.96,110.97,106.94,109.07,1836561570.0
2024-02-11 00:00:00+00:00,109.07,110.68,107.33,107.48,1370383843.0
2024-02-12 00:00:00+00:00,107.48,112.24,103.46,111.73,2650731894.0
2024-02-13 00:00:00+00:00,111.73,115.1,108.36,112.57,2709494768.0
2024-02-14 00:00:00+00:00,112.57,118.71,110.7,117.11,2391239729.0
2024-02-15 00:00:00+00:00,117.11,118.44,111.61,113.61,2471486178.0
2024-02-16 00:00:00+00:00,113.61,114.28,108.03,110.4,1921299579.0
2024-02-17 00:00:00+00:00,110.4,111.13,105.68,108.96,1370606631.0
2024-02-18 00:00:00+00:00,108.96,114.05,107.57,112.24,1516321334.0
2024-02-19 00:00:00+00:00,112.24,114.86,110.83,111.55,1898655220.0
2024-02-20 00:00:00+00:00,111.55,112.1,103.88,108.35,2656976089.0
2024-02-21 00:00:00+00:00,108.35,108.38,100.22,105.06,2246861647.0
2024-02-22 00:00:00+00:00,105.06,107.07,101.48,101.69,1830636004.0
2024-02-23 00:00:00+00:00,101.69,103.05,98.71,99.89,1483285120.0
2024-02-24 00:00:00+00:00,99.89,104.74,98.5,104.04,1083637514.0
2024-02-25 00:00:00+00:00,104.04,104.38,102.08,103.47,909662462.0
2024-02-26 00:00:00+00:00,103.47,110.82,100.32,109.97,2334408023.0
2024-02-27 00:00:00+00:00,109.97,112.48,105.4,108.42,2723995106.0
2024-02-28 00:00:00+00:00,108.42,118.98,107.38,118.98,5029492553.0
2024-02-29 00:00:00+00:00,118.98,134.67,117.35,125.7,6950123902.0
2024-03-01 00:00:00+00:00,125.7,137.78,125.69,129.52,4743077738.0
2024-03-02 00:00:00+00:00,129.52,131.68,127.44,130.15,2741772676.0
2024-03-03 00:00:00+00:00,130.15,132.19,124.87,130.25,2875614168.0
2024-03-04 00:00:00+00:00,130.25,134.99,127.68,133.36,4429758300.0
2024-03-05 00:00:00+00:00,133.36,142.73,109.61,125.58,8980294607.0
2024-03-06 00:00:00+00:00,125.58,134.92,120.3,130.89,5146680159.0
2024-03-07 00:00:00+00:00,130.89,149.62,130.71,144.07,7111178325.0
2024-03-08 00:00:00+00:00,144.07,152.94,142.01,145.11,5474659974.0
2024-03-09 00:00:00+00:00,145.11,149.44,144.02,144.58,2946261381.0
2024-03-10 00:00:00+00:00,144.58,148.71,140.67,144.56,3407621981.0
2024-03-11 00:00:00+00:00,144.56,150.14,137.06,148.87,5383624184.0
2024-03-12 00:00:00+00:00,148.87,154.99,141.84,151.05,6413617983.0
2024-03-13 00:00:00+00:00,151.05,166.88,148.82,163.93,5917471836.0
2024-03-14 00:00:00+00:00,163.93,178.29,159.2,176.64,8399967972.0
2024-03-15 00:00:00+00:00,176.64,188.85,164.95,183.84,14093348410.0
2024-03-16 00:00:00+00:00,183.84,197.8,176.91,181.95,11794134069.0
2024-03-17 00:00:00+00:00,181.95,204.17,178.58,201.69,10876218562.0
2024-03-18 00:00:00+00:00,201.69,209.86,193.87,195.91,11137647410.0
2024-03-19 00:00:00+00:00,195.91,198.63,165.62,169.91,11658593922.0
2024-03-20 00:00:00+00:00,169.91,193.24,162.49,191.92,8673957460.0
2024-03-21 00:00:00+00:00,191.92,195.72,175.88,179.44,5613811275.0
2024-03-22 00:00:00+00:00,179.44,181.81,167.64,175.17,4150938142.0
2024-03-23 00:00:00+00:00,175.17,178.93,170.28,172.72,2711581881.0
2024-03-24 00:00:00+00:00,172.72,186.75,171.44,183.79,2661231893.0
2024-03-25 00:00:00+00:00,183.79,194.53,181.02,189.01,4066489821.0
2024-03-26 00:00:00+00:00,189.01,196.81,186.31,190.47,3520179571.0
2024-03-27 00:00:00+00:00,190.47,192.63,180.1,186.23,3844985014.0
2024-03-28 00:00:00+00:00,186.23,190.93,180.77,189.67,2910414256.0
2024-03-29 00:00:00+00:00,189.67,193.04,183.31,192.19,3031009580.0
2024-03-30 00:00:00+00:00,192.19,199.96,190.97,194.28,2999311846.0
2024-03-31 00:00:00+00:00,194.28,203.1,193.84,202.43,2342185476.0
2024-04-01 00:00:00+00:00,202.43,204.24,187.09,192.35,3872515434.0
2024-04-02 00:00:00+00:00,192.35,192.37,175.94,181.52,4553269015.0
2024-04-03 00:00:00+00:00,181.52,191.96,177.05,185.14,4160370221.0
2024-04-04 00:00:00+00:00,185.14,190.17,180.32,184.09,4101220964.0
2024-04-05 00:00:00+00:00,184.09,185.17,168.07,174.46,7398400404.0
2024-04-06 00:00:00+00:00,174.46,179.78,173.65,178.74,4672922789.0
2024-04-07 00:00:00+00:00,178.74,182.66,176.92,179.52,1854793003.0
2024-04-08 00:00:00+00:00,179.52,184.59,175.38,180.69,2744377905.0
2024-04-09 00:00:00+00:00,180.69,180.87,168.99,172.32,2688188866.0
2024-04-10 00:00:00+00:00,172.32,175.48,162.41,173.35,3344074648.0
2024-04-11 00:00:00+00:00,173.35,176.27,170.11,172.43,2712334365.0
2024-04-12 00:00:00+00:00,172.43,175.93,143.03,153.29,4727185451.0
2024-04-13 00:00:00+00:00,153.29,154.93,119.92,138.51,8976793985.0
2024-04-14 00:00:00+00:00,138.51,152.73,130.98,151.45,7110974218.0
2024-04-15 00:00:00+00:00,151.45,156.1,133.77,138.59,5699439234.0
2024-04-16 00:00:00+00:00,138.59,140.62,126.6,136.27,5156084639.0
2024-04-17 00:00:00+00:00,136.27,142.72,126.91,131.89,4888546522.0
2024-04-18 00:00:00+00:00,131.89,143.88,127.74,142.1,4193561506.0
2024-04-19 00:00:00+00:00,142.1,147.57,128.54,142.53,5857667913.0
2024-04-20 00:00:00+00:00,142.53,152.39,139.82,151.28,2795892211.0
2024-04-21 00:00:00+00:00,151.28,153.53,146.77,148.78,2211663291.0
2024-04-22 00:00:00+00:00,148.78,158.47,146.85,157.03,2959650502.0
2024-04-23 00:00:00+00:00,157.03,160.0,153.18,154.68,2750685937.0
2024-04-24 00:00:00+00:00,154.68,159.74,145.54,147.72,3932336720.0
2024-04-25 00:00:00+00:00,147.72,149.44,142.11,144.85,3674969172.0
2024-04-26 00:00:00+00:00,144.85,146.06,138.68,139.16,2564389027.0
2024-04-27 00:00:00+00:00,139.16,142.96,133.18,141.23,2373155947.0
2024-04-28 00:00:00+00:00,141.23,144.58,137.11,137.97,1959005342.0
2024-04-29 00:00:00+00:00,137.97,138.89,133.42,137.74,2464951751.0
2024-04-30 00:00:00+00:00,137.74,139.72,121.13,126.68,3407320371.0
2024-05-01 00:00:00+00:00,126.68,135.81,118.58,134.49,4136407963.0
2024-05-02 00:00:00+00:00,134.49,140.69,128.18,137.62,3380078368.0
2024-05-03 00:00:00+00:00,137.62,145.02,134.03,143.73,3216962298.0
2024-05-04 00:00:00+00:00,143.73,149.07,142.36,146.05,3050187811.0
2024-05-05 00:00:00+00:00,146.05,147.98,143.15,145.73,2034794725.0
2024-05-06 00:00:00+00:00,145.73,156.84,145.48,152.82,2926902880.0
2024-05-07 00:00:00+00:00,152.82,159.2,148.0,148.03,2687619013.0
2024-05-08 00:00:00+00:00,148.03,149.89,139.98,142.15,2502237557.0
2024-05-09 00:00:00+00:00,142.15,153.29,140.59,152.57,2249863780.0
2024-05-10 00:00:00+00:00,152.57,155.68,144.6,146.03,2471594251.0
2024-05-11 00:00:00+00:00,146.03,147.61,143.11,145.37,1243751505.0
2024-05-12 00:00:00+00:00,145.37,147.64,142.61,143.39,936690341.0
2024-05-13 00:00:00+00:00,143.39,150.7,137.88,147.47,2556255769.0
2024-05-14 00:00:00+00:00,147.47,150.35,141.79,141.97,2586166419.0
2024-05-15 00:00:00+00:00,141.97,158.82,141.25,158.57,3585715674.0
2024-05-16 00:00:00+00:00,158.57,164.72,156.7,159.34,3498272951.0
2024-05-17 00:00:00+00:00,159.34,172.05,159.34,169.5,3371355809.0
2024-05-18 00:00:00+00:00,169.5,175.96,168.73,172.47,2479657643.0
2024-05-19 00:00:00+00:00,172.47,175.37,166.2,169.94,2300080451.0
2024-05-20 00:00:00+00:00,169.94,188.29,167.76,186.75,4636864705.0
2024-05-21 00:00:00+00:00,186.75,188.83,174.32,178.15,4568414163.0
2024-05-22 00:00:00+00:00,178.15,183.39,175.03,176.86,3833758536.0
2024-05-23 00:00:00+00:00,176.86,180.9,165.8,176.09,5117258940.0
2024-05-24 00:00:00+00:00,176.09,176.09,162.5,167.7,4013502065.0
2024-05-25 00:00:00+00:00,167.7,170.46,165.96,168.33,1875205755.0
2024-05-26 00:00:00+00:00,168.33,168.36,160.63,163.26,2543881488.0
2024-05-27 00:00:00+00:00,163.26,172.09,163.23,170.01,2745440475.0
2024-05-28 00:00:00+00:00,170.01,173.07,164.8,168.53,3342283019.0
2024-05-29 00:00:00+00:00,168.53,173.75,167.07,168.11,2852496248.0
2024-05-30 00:00:00+00:00,168.11,172.51,163.52,166.86,2932316784.0
2024-05-31 00:00:00+00:00,166.86,170.84,163.8,165.52,2415920333.0
2024-06-01 00:00:00+00:00,165.52,167.79,165.5,165.99,1058869941.0
2024-06-02 00:00:00+00:00,165.99,166.95,161.31,163.04,1562269041.0
2024-06-03 00:00:00+00:00,163.04,167.14,161.54,164.89,2182487608.0
2024-06-04 00:00:00+00:00,164.89,171.87,164.37,171.81,2057558426.0
2024-06-05 00:00:00+00:00,171.81,175.57,171.12,173.57,2405906612.0
2024-06-06 00:00:00+00:00,173.57,174.51,167.64,170.07,1965442993.0
2024-06-07 00:00:00+00:00,170.07,172.64,153.73,162.48,3298527575.0
2024-06-08 00:00:00+00:00,162.48,163.73,157.36,157.79,1722237785.0
2024-06-09 00:00:00+00:00,157.79,162.97,156.55,162.1,1475878151.0
2024-06-10 00:00:00+00:00,162.1,163.19,157.46,158.98,1815361482.0
2024-06-11 00:00:00+00:00,158.98,159.63,145.04,149.36,2812642453.0
2024-06-12 00:00:00+00:00,149.36,161.8,145.51,155.17,2853692260.0
2024-06-13 00:00:00+00:00,155.17,155.17,146.0,147.24,2085097655.0
2024-06-14 00:00:00+00:00,147.24,148.9,139.62,143.01,2330458883.0
2024-06-15 00:00:00+00:00,143.01,145.63,142.88,145.45,1065293341.0
2024-06-16 00:00:00+00:00,145.45,151.21,143.01,151.2,1147997523.0
2024-06-17 00:00:00+00:00,151.2,151.65,139.84,143.23,2244770232.0
2024-06-18 00:00:00+00:00,143.23,143.71,128.22,137.37,4046511952.0
2024-06-19 00:00:00+00:00,137.37,141.86,134.48,135.62,2241396569.0
2024-06-20 00:00:00+00:00,135.62,141.26,131.84,133.48,2343938226.0
2024-06-21 00:00:00+00:00,133.48,135.3,128.65,134.55,2214701928.0
2024-06-22 00:00:00+00:00,134.55,136.64,132.95,133.66,948392979.0
2024-06-23 00:00:00+00:00,133.66,135.04,128.1,128.59,1063910411.0
2024-06-24 00:00:00+00:00,128.59,132.54,122.23,132.26,3420423301.0
2024-06-25 00:00:00+00:00,132.26,139.87,131.16,136.54,2517391150.0
2024-06-26 00:00:00+00:00,136.54,140.35,134.73,136.71,1670038554.0
2024-06-27 00:00:00+00:00,136.71,151.07,135.11,149.49,2831651846.0
2024-06-28 00:00:00+00:00,149.49,150.54,138.75,139.73,2396070692.0
2024-06-29 00:00:00+00:00,139.73,142.94,139.49,139.97,1139066175.0
2024-06-30 00:00:00+00:00,139.97,147.38,136.94,146.4,1567841881.0
2024-07-01 00:00:00+00:00,146.4,149.06,145.69,146.52,1814659116.0
2024-07-02 00:00:00+00:00,146.52,154.78,146.01,153.79,2024773533.0
2024-07-03 00:00:00+00:00,153.79,154.22,139.02,140.69,2813419415.0
2024-07-04 00:00:00+00:00,140.69,142.6,127.19,127.81,3243822145.0
2024-07-05 00:00:00+00:00,127.81,136.35,121.19,134.33,4644036182.0
2024-07-06 00:00:00+00:00,134.33,144.2,132.4,143.07,2078535871.0
2024-07-07 00:00:00+00:00,143.07,143.34,131.2,131.59,1842515124.0
2024-07-08 00:00:00+00:00,131.59,141.86,127.87,139.78,3692404575.0
2024-07-09 00:00:00+00:00,139.78,144.22,136.47,141.42,2418798702.0
2024-07-10 00:00:00+00:00,141.42,146.26,138.61,142.01,1952272010.0
2024-07-11 00:00:00+00:00,142.01,145.93,135.7,135.71,2286890972.0
2024-07-12 00:00:00+00:00,135.71,140.64,133.99,139.55,1990173458.0
2024-07-13 00:00:00+00:00,139.55,143.58,138.04,141.95,1131518484.0
2024-07-14 00:00:00+00:00,141.95,148.58,141.94,147.72,2009294488.0
2024-07-15 00:00:00+00:00,147.72,160.06,147.11,159.54,2580623500.0
2024-07-16 00:00:00+00:00,159.54,162.61,152.66,160.65,3034234774.0
2024-07-17 00:00:00+00:00,160.65,163.8,154.61,155.5,2255652667.0
2024-07-18 00:00:00+00:00,155.5,161.61,155.2,159.2,2044591406.0
2024-07-19 00:00:00+00:00,159.2,172.37,156.21,169.2,3617009839.0
2024-07-20 00:00:00+00:00,169.2,175.03,167.34,173.68,1908476088.0
2024-07-21 00:00:00+00:00,173.68,185.03,170.56,184.5,3080452915.0
2024-07-22 00:00:00+00:00,184.5,184.92,176.81,178.98,2808509242.0
2024-07-23 00:00:00+00:00,178.98,180.59,170.49,172.93,3230351478.0
2024-07-24 00:00:00+00:00,172.93,182.49,171.0,178.03,3112174836.0
2024-07-25 00:00:00+00:00,178.03,179.58,165.37,171.83,4067186719.0
2024-07-26 00:00:00+00:00,171.83,183.62,171.75,183.08,2816314095.0
2024-07-27 00:00:00+00:00,183.08,188.28,178.16,183.77,3248901126.0
2024-07-28 00:00:00+00:00,183.77,186.62,181.19,184.91,1852374783.0
2024-07-29 00:00:00+00:00,184.91,193.87,181.63,182.52,3654304391.0
2024-07-30 00:00:00+00:00,182.52,184.63,175.39,179.1,2766172800.0
2024-07-31 00:00:00+00:00,179.1,184.39,171.58,171.64,3055204208.0
2024-08-01 00:00:00+00:00,171.64,172.88,157.79,167.26,4402828194.0
2024-08-02 00:00:00+00:00,167.26,169.28,149.82,152.58,4507521137.0
2024-08-03 00:00:00+00:00,152.58,153.8,139.84,142.46,3620526646.0
2024-08-04 00:00:00+00:00,142.46,145.96,131.31,138.24,4333596296.0
2024-08-05 00:00:00+00:00,138.24,139.24,110.02,129.81,14114308949.0
2024-08-06 00:00:00+00:00,129.81,149.54,129.44,144.51,5813459735.0
2024-08-07 00:00:00+00:00,144.51,155.05,142.36,144.71,5529725414.0
2024-08-08 00:00:00+00:00,144.71,163.66,141.45,163.18,5385642745.0
2024-08-09 00:00:00+00:00,163.18,163.56,150.84,156.32,3217916997.0
2024-08-10 00:00:00+00:00,156.32,158.77,152.67,154.05,1662980960.0
2024-08-11 00:00:00+00:00,154.05,157.99,141.26,141.57,2411765937.0
2024-08-12 00:00:00+00:00,141.57,150.97,141.27,146.37,3380174341.0
2024-08-13 00:00:00+00:00,146.37,149.88,143.01,146.71,2224488388.0
2024-08-14 00:00:00+00:00,146.71,152.17,142.48,143.79,2714536693.0
2024-08-15 00:00:00+00:00,143.79,147.58,137.86,142.57,3032770371.0
2024-08-16 00:00:00+00:00,142.57,144.85,136.12,139.1,2707615564.0
2024-08-17 00:00:00+00:00,139.1,142.0,137.69,141.94,1199702073.0
2024-08-18 00:00:00+00:00,141.94,147.07,140.65,142.45,1866239536.0
2024-08-19 00:00:00+00:00,142.45,146.2,140.46,144.34,2077549615.0
2024-08-20 00:00:00+00:00,144.34,148.86,141.03,142.3,2124392770.0
2024-08-21 00:00:00+00:00,142.3,144.41,138.87,142.8,1923259439.0
2024-08-22 00:00:00+00:00,142.8,144.86,140.72,143.25,1368400829.0
2024-08-23 00:00:00+00:00,143.25,154.1,142.81,153.36,2560976300.0
2024-08-24 00:00:00+00:00,153.36,162.32,152.08,160.72,2749419604.0
2024-08-25 00:00:00+00:00,160.72,161.98,155.33,158.99,2085078554.0
2024-08-26 00:00:00+00:00,158.99,161.97,155.64,157.15,2588808155.0
2024-08-27 00:00:00+00:00,157.15,159.69,145.08,146.85,2783392784.0
2024-08-28 00:00:00+00:00,146.85,148.78,140.59,143.93,2932401182.0
2024-08-29 00:00:00+00:00,143.93,147.33,138.15,140.05,2098251665.0
2024-08-30 00:00:00+00:00,140.05,141.1,132.14,138.0,2683385690.0
2024-08-31 00:00:00+00:00,138.0,139.16,134.55,135.34,892155699.0
2024-09-01 00:00:00+00:00,135.34,136.08,127.83,128.53,1974170865.0
2024-09-02 00:00:00+00:00,128.53,135.37,127.02,134.96,2092221241.0
2024-09-03 00:00:00+00:00,134.96,137.39,127.09,127.52,1787700523.0
2024-09-04 00:00:00+00:00,127.52,134.95,122.73,133.61,2663812153.0
2024-09-05 00:00:00+00:00,133.61,135.41,127.93,129.39,1926178088.0
2024-09-06 00:00:00+00:00,129.39,134.34,120.62,125.02,3520537699.0
2024-09-07 00:00:00+00:00,125.02,129.46,124.15,127.7,1321261949.0
2024-09-08 00:00:00+00:00,127.7,131.64,126.64,130.1,1317794291.0
2024-09-09 00:00:00+00:00,130.1,137.05,127.0,135.08,2443769044.0
2024-09-10 00:00:00+00:00,135.08,137.95,132.57,135.63,1642358500.0
2024-09-11 00:00:00+00:00,135.63,135.9,128.22,132.43,2122617674.0
2024-09-12 00:00:00+00:00,132.43,136.72,132.4,136.07,1597055803.0
2024-09-13 00:00:00+00:00,136.07,139.89,131.76,139.14,1668690414.0
2024-09-14 00:00:00+00:00,139.14,139.87,135.7,137.17,952465288.0
2024-09-15 00:00:00+00:00,137.17,137.96,130.53,131.42,1358403273.0
2024-09-16 00:00:00+00:00,131.42,132.33,128.91,131.45,1623218789.0
2024-09-17 00:00:00+00:00,131.45,135.52,130.34,131.56,1726861492.0
2024-09-18 00:00:00+00:00,131.56,134.41,127.15,134.34,2260675347.0
2024-09-19 00:00:00+00:00,134.34,144.0,134.32,142.9,2884543933.0
2024-09-20 00:00:00+00:00,142.9,152.36,141.23,146.66,3241123621.0
2024-09-21 00:00:00+00:00,146.66,149.85,144.65,149.46,1385610390.0
2024-09-22 00:00:00+00:00,149.46,149.9,141.18,144.68,1597826979.0
2024-09-23 00:00:00+00:00,144.68,149.05,142.19,144.77,2344229720.0
2024-09-24 00:00:00+00:00,144.77,153.93,143.13,152.72,2927238360.0
2024-09-25 00:00:00+00:00,152.72,153.88,147.3,147.97,2138602628.0
2024-09-26 00:00:00+00:00,147.97,158.03,146.59,155.58,3009969111.0
2024-09-27 00:00:00+00:00,155.58,161.24,154.01,157.64,2765830721.0
2024-09-28 00:00:00+00:00,157.64,159.4,155.08,156.78,1300870644.0
2024-09-29 00:00:00+00:00,156.78,160.77,155.12,160.01,1773980028.0
2024-09-30 00:00:00+00:00,158.47,159.77,151.73,152.49,2376780676.0
2024-10-01 00:00:00+00:00,152.51,157.34,142.29,145.13,3656164855.0
2024-10-02 00:00:00+00:00,145.12,148.96,138.61,140.18,2892264150.0
2024-10-03 00:00:00+00:00,140.18,142.96,133.11,136.82,2914986844.0
2024-10-04 00:00:00+00:00,136.81,144.55,135.95,143.24,2361841303.0
2024-10-05 00:00:00+00:00,143.24,144.93,141.06,142.59,1113937760.0
2024-10-06 00:00:00+00:00,142.59,146.75,142.0,146.48,1168715645.0
2024-10-07 00:00:00+00:00,146.47,152.4,143.5,143.96,2678803498.0
2024-10-08 00:00:00+00:00,143.97,145.6,141.17,143.49,1710617951.0
2024-10-09 00:00:00+00:00,143.5,145.34,138.66,139.33,1697499287.0
2024-10-10 00:00:00+00:00,139.33,140.92,135.52,139.03,1770157917.0
2024-10-11 00:00:00+00:00,139.04,146.62,138.68,145.53,1797846253.0
2024-10-12 00:00:00+00:00,145.52,147.32,144.71,146.4,1118630507.0
2024-10-13 00:00:00+00:00,146.39,148.86,144.45,147.74,1294444111.0
2024-10-14 00:00:00+00:00,147.74,158.1,146.8,157.59,2929339176.0
2024-10-15 00:00:00+00:00,157.59,159.73,150.3,154.76,3451652506.0
2024-10-16 00:00:00+00:00,154.76,158.41,153.0,154.28,2397546608.0
2024-10-17 00:00:00+00:00,154.28,155.73,147.66,150.5,2157747733.0
2024-10-18 00:00:00+00:00,150.5,156.65,149.56,154.94,1754226839.0
2024-10-19 00:00:00+00:00,154.93,159.85,153.45,159.79,1440375026.0
2024-10-20 00:00:00+00:00,159.79,167.94,157.58,167.4,2579198899.0
2024-10-21 00:00:00+00:00,167.4,171.76,160.99,166.17,3924173188.0
2024-10-22 00:00:00+00:00,166.16,170.99,162.99,167.59,3470792372.0
2024-10-23 00:00:00+00:00,167.6,174.3,164.13,170.85,3861697575.0
2024-10-24 00:00:00+00:00,170.86,179.3,170.5,177.19,3529481044.0
2024-10-25 00:00:00+00:00,177.19,177.6,159.12,164.9,4869966180.0
2024-10-26 00:00:00+00:00,164.91,173.25,162.43,170.88,2755373492.0
2024-10-27 00:00:00+00:00,170.87,178.27,170.26,176.63,2427933420.0
2024-10-28 00:00:00+00:00,176.63,179.8,172.45,178.29,3623055701.0
2024-10-29 00:00:00+00:00,178.28,183.38,176.41,179.42,3919545873.0
2024-10-30 00:00:00+00:00,179.43,181.36,173.01,174.87,2772422773.0
2024-10-31 00:00:00+00:00,174.87,176.56,167.56,168.69,2652620406.0
2024-11-01 00:00:00+00:00,168.69,174.0,163.43,166.1,3157093060.0
2024-11-02 00:00:00+00:00,166.11,168.61,162.11,166.17,1618170398.0
2024-11-03 00:00:00+00:00,166.16,166.61,157.82,162.53,2645801646.0
2024-11-04 00:00:00+00:00,162.52,165.04,155.11,157.95,2809006700.0
2024-11-05 00:00:00+00:00,157.95,169.3,156.86,166.62,3243848057.0
2024-11-06 00:00:00+00:00,166.63,190.01,166.4,186.59,9822932731.0
2024-11-07 00:00:00+00:00,186.59,197.84,185.84,196.35,4700842780.0
2024-11-08 00:00:00+00:00,196.36,205.0,195.64,199.85,5673142495.0
2024-11-09 00:00:00+00:00,199.86,203.45,194.86,199.89,3363617004.0
2024-11-10 00:00:00+00:00,199.89,215.27,198.68,210.07,8564655765.0
2024-11-11 00:00:00+00:00,210.07,224.0,204.16,222.13,10290809023.0
2024-11-12 00:00:00+00:00,222.12,225.21,204.71,211.64,11308516682.0
2024-11-13 00:00:00+00:00,211.63,220.44,200.67,215.13,11296665808.0
2024-11-14 00:00:00+00:00,215.14,222.8,206.78,209.57,8094554275.0
2024-11-15 00:00:00+00:00,209.57,220.5,204.48,218.45,6109860311.0
2024-11-16 00:00:00+00:00,218.44,221.99,213.35,215.71,4698955745.0
2024-11-17 00:00:00+00:00,215.72,242.33,212.1,237.47,9981076722.0
2024-11-18 00:00:00+00:00,237.47,248.44,234.01,239.79,8798714213.0
2024-11-19 00:00:00+00:00,239.79,247.5,233.4,237.63,6711919414.0
2024-11-20 00:00:00+00:00,237.64,242.54,230.37,235.48,6454141445.0
2024-11-21 00:00:00+00:00,235.48,259.8,229.6,256.37,10735314060.0
2024-11-22 00:00:00+00:00,256.38,264.39,251.47,256.9,7249493783.0
2024-11-23 00:00:00+00:00,256.9,264.0,252.69,254.89,6234742858.0
2024-11-24 00:00:00+00:00,254.9,259.78,240.93,252.73,5330146683.0
2024-11-25 00:00:00+00:00,252.74,256.7,231.21,234.18,6616015635.0
2024-11-26 00:00:00+00:00,234.18,239.66,221.8,230.69,6996936265.0
2024-11-27 00:00:00+00:00,230.69,243.33,227.51,241.96,5381404312.0
2024-11-28 00:00:00+00:00,241.96,245.28,232.8,237.59,4047310070.0
2024-11-29 00:00:00+00:00,237.58,246.77,236.55,243.33,4152396835.0
2024-11-30 00:00:00+00:00,243.33,245.4,237.5,237.6,3549156564.0
2024-12-01 00:00:00+00:00,237.6,239.89,234.1,236.8,3726118866.0
2024-12-02 00:00:00+00:00,236.79,238.2,220.0,225.72,7374176295.0
2024-12-03 00:00:00+00:00,225.73,239.6,215.0,233.92,8404095315.0
2024-12-04 00:00:00+00:00,233.92,241.0,224.67,229.15,6569129896.0
2024-12-05 00:00:00+00:00,229.15,244.77,222.95,235.84,8820663279.0
2024-12-06 00:00:00+00:00,235.84,247.0,230.92,236.87,6726557034.0
2024-12-07 00:00:00+00:00,236.87,243.61,234.12,238.14,4003422914.0
2024-12-08 00:00:00+00:00,238.14,241.51,233.22,237.02,3204778349.0
2024-12-09 00:00:00+00:00,237.02,237.28,203.0,216.63,8610208198.0
2024-12-10 00:00:00+00:00,216.62,221.06,203.21,213.6,8419973004.0
2024-12-11 00:00:00+00:00,213.6,230.65,211.51,227.29,5615074058.0
2024-12-12 00:00:00+00:00,227.29,234.69,225.67,226.96,4935392005.0
2024-12-13 00:00:00+00:00,226.95,228.44,220.6,224.79,4029626623.0
2024-12-14 00:00:00+00:00,224.79,227.51,215.13,219.93,2925240730.0
2024-12-15 00:00:00+00:00,219.94,225.5,215.68,224.27,2969473030.0
2024-12-16 00:00:00+00:00,224.26,227.56,213.26,216.19,5071129914.0
2024-12-17 00:00:00+00:00,216.19,228.95,211.36,223.15,6445051900.0
2024-12-18 00:00:00+00:00,223.16,226.04,204.8,206.53,6888988933.0
2024-12-19 00:00:00+00:00,206.53,212.14,187.0,193.81,8043974299.0
2024-12-20 00:00:00+00:00,193.82,199.81,175.26,194.48,9600073165.0
2024-12-21 00:00:00+00:00,194.48,201.98,178.3,181.45,5368845730.0
2024-12-22 00:00:00+00:00,181.46,187.87,176.88,180.52,4001292417.0
2024-12-23 00:00:00+00:00,180.53,193.48,176.48,190.11,4922594345.0
2024-12-24 00:00:00+00:00,190.12,199.0,186.13,197.09,3412375255.0
2024-12-25 00:00:00+00:00,197.09,201.85,195.0,197.44,2688415733.0
2024-12-26 00:00:00+00:00,197.45,199.71,186.54,188.46,2864701219.0
2024-12-27 00:00:00+00:00,188.46,194.39,182.74,184.22,2788285851.0
2024-12-28 00:00:00+00:00,184.22,196.1,183.82,195.5,2158687217.0
2024-12-29 00:00:00+00:00,195.5,197.71,188.57,189.94,2165753102.0
2024-12-30 00:00:00+00:00,189.94,196.47,185.89,191.38,3246300054.0
2024-12-31 00:00:00+00:00,191.37,199.27,188.04,189.31,3276526561.0
2025-01-01 00:00:00+00:00,189.31,195.33,188.0,194.28,2324231668.0
2025-01-02 00:00:00+00:00,194.28,210.48,193.43,208.31,4230329837.0
2025-01-03 00:00:00+00:00,208.3,219.83,205.63,217.99,4064420852.0
2025-01-04 00:00:00+00:00,218.0,218.18,213.54,216.67,2432220391.0
2025-01-05 00:00:00+00:00,216.67,219.05,211.46,213.41,2403765299.0
2025-01-06 00:00:00+00:00,213.41,223.18,211.56,218.22,3408034919.0
2025-01-07 00:00:00+00:00,218.22,219.11,201.8,202.17,4360983978.0
2025-01-08 00:00:00+00:00,202.17,203.28,188.34,197.48,5028291858.0
2025-01-09 00:00:00+00:00,197.48,199.06,182.0,184.95,3815664216.0
2025-01-10 00:00:00+00:00,184.96,193.02,183.51,187.68,3739014100.0
2025-01-11 00:00:00+00:00,187.69,191.91,184.01,188.09,2174290937.0
2025-01-12 00:00:00+00:00,188.09,191.0,185.17,188.51,1544086708.0
2025-01-13 00:00:00+00:00,188.5,191.99,168.88,182.87,5225490858.0
2025-01-14 00:00:00+00:00,182.86,190.11,181.88,187.57,2748310371.0
2025-01-15 00:00:00+00:00,187.57,206.04,185.84,205.86,4071481523.0
2025-01-16 00:00:00+00:00,205.86,217.14,198.47,211.14,6099125467.0
2025-01-17 00:00:00+00:00,211.15,222.11,209.84,219.51,5118230275.0
2025-01-18 00:00:00+00:00,219.52,270.67,217.29,261.97,23186958912.0
2025-01-19 00:00:00+00:00,261.97,295.83,236.68,252.42,33172955667.0
2025-01-20 00:00:00+00:00,252.4,273.29,229.44,242.19,22690757561.0
2025-01-21 00:00:00+00:00,242.18,260.06,230.0,250.33,10694802909.0
2025-01-22 00:00:00+00:00,250.33,272.03,248.43,257.36,8880832578.0
2025-01-23 00:00:00+00:00,257.37,258.48,242.19,253.11,9264528949.0
2025-01-24 00:00:00+00:00,253.12,270.18,247.18,253.37,7483041553.0
2025-01-25 00:00:00+00:00,253.36,260.78,246.33,256.41,5035419721.0
2025-01-26 00:00:00+00:00,256.4,260.16,240.32,240.5,4178231600.0
2025-01-27 00:00:00+00:00,240.49,242.68,220.89,234.89,10736630238.0
2025-01-28 00:00:00+00:00,234.9,244.0,225.01,227.06,5105320114.0
2025-01-29 00:00:00+00:00,227.06,238.49,222.63,228.16,5385638692.0
2025-01-30 00:00:00+00:00,228.16,244.7,226.84,238.31,4636567306.0
2025-01-31 00:00:00+00:00,238.3,241.82,228.24,231.77,4043216055.0
2025-02-01 00:00:00+00:00,231.77,236.46,212.74,213.03,3546350864.0
2025-02-02 00:00:00+00:00,213.03,218.9,192.31,203.51,8432593480.0
2025-02-03 00:00:00+00:00,203.52,218.7,175.89,216.28,15260840772.0
2025-02-04 00:00:00+00:00,216.27,219.97,201.87,206.64,7328632702.0
2025-02-05 00:00:00+00:00,206.64,209.39,195.14,196.12,3826498437.0
2025-02-06 00:00:00+00:00,196.12,203.98,187.39,189.54,3936545265.0
2025-02-07 00:00:00+00:00,189.53,203.42,188.12,191.99,4593806344.0
2025-02-08 00:00:00+00:00,192.0,200.88,189.81,199.32,2387525186.0
2025-02-09 00:00:00+00:00,199.32,207.37,193.53,200.47,3380872965.0
2025-02-10 00:00:00+00:00,200.47,209.05,195.85,200.47,4106376694.0
2025-02-11 00:00:00+00:00,200.47,206.18,195.12,197.96,3907611299.0
2025-02-12 00:00:00+00:00,197.95,198.56,188.48,196.78,4290836657.0
2025-02-13 00:00:00+00:00,196.78,198.47,188.78,194.25,2755407329.0
2025-02-14 00:00:00+00:00,194.24,205.34,194.11,199.39,3732334277.0
2025-02-15 00:00:00+00:00,199.4,200.27,192.61,194.48,1869221857.0
2025-02-16 00:00:00+00:00,194.47,196.24,186.3,188.27,2160799161.0
2025-02-17 00:00:00+00:00,188.26,189.72,174.63,177.53,4345262539.0
2025-02-18 00:00:00+00:00,177.53,179.09,160.88,169.32,6684824301.0
2025-02-19 00:00:00+00:00,169.32,174.3,163.75,168.93,3717681436.0
2025-02-20 00:00:00+00:00,168.94,176.65,167.66,176.0,3347070717.0
2025-02-21 00:00:00+00:00,176.0,180.52,167.15,168.94,4684370707.0
2025-02-22 00:00:00+00:00,168.94,174.68,168.07,172.07,2026581266.0
2025-02-23 00:00:00+00:00,172.07,173.07,166.42,167.94,1621130854.0
2025-02-24 00:00:00+00:00,167.94,169.69,138.0,141.81,7062261489.0
2025-02-25 00:00:00+00:00,141.81,147.09,131.91,144.33,9341433919.0
2025-02-26 00:00:00+00:00,144.33,145.19,130.65,135.32,4916419994.0
2025-02-27 00:00:00+00:00,135.33,142.9,134.71,137.68,3723520943.0
2025-02-28 00:00:00+00:00,137.68,148.72,125.55,148.18,7544673033.0
2025-03-01 00:00:00+00:00,148.18,151.25,138.57,143.66,3305410077.0
2025-03-02 00:00:00+00:00,143.66,179.85,140.04,178.71,11540413390.0
2025-03-03 00:00:00+00:00,178.72,179.47,139.21,142.16,9241009702.0
2025-03-04 00:00:00+00:00,142.16,147.0,130.66,144.79,8035056091.0
2025-03-05 00:00:00+00:00,144.8,149.73,140.18,146.28,4501939048.0
2025-03-06 00:00:00+00:00,146.27,152.9,142.44,143.31,4204376336.0
2025-03-07 00:00:00+00:00,143.3,150.88,135.04,139.39,6090751623.0
2025-03-08 00:00:00+00:00,139.39,141.09,135.29,137.01,2270939562.0
2025-03-09 00:00:00+00:00,137.01,139.88,125.41,126.51,3429886567.0
2025-03-10 00:00:00+00:00,126.52,131.57,115.47,118.32,5519806938.0
2025-03-11 00:00:00+00:00,118.32,128.43,112.0,125.35,5259428587.0
2025-03-12 00:00:00+00:00,125.35,131.33,121.22,126.62,4112201839.0
2025-03-13 00:00:00+00:00,126.61,128.76,120.76,123.37,2871050068.0
2025-03-14 00:00:00+00:00,123.36,136.03,122.98,133.54,3161542602.0
2025-03-15 00:00:00+00:00,133.53,136.53,132.44,135.86,1844463215.0
2025-03-16 00:00:00+00:00,135.86,136.71,125.21,126.13,2456569508.0
2025-03-17 00:00:00+00:00,126.13,130.64,125.55,128.01,2487364373.0
2025-03-18 00:00:00+00:00,128.01,128.19,121.76,125.33,2534317858.0
2025-03-19 00:00:00+00:00,125.33,136.08,124.2,135.33,3539287974.0
2025-03-20 00:00:00+00:00,135.33,136.12,126.65,127.6,2469659459.0
2025-03-21 00:00:00+00:00,127.5,129.96,124.98,128.43,2370317364.0
2025-03-22 00:00:00+00:00,128.43,131.58,127.93,128.48,1442831196.0
2025-03-23 00:00:00+00:00,128.48,133.96,128.34,132.6,1711242607.0
2025-03-24 00:00:00+00:00,132.6,144.88,132.16,140.87,4207560020.0
2025-03-25 00:00:00+00:00,140.87,147.06,138.35,143.82,3585353324.0
2025-03-26 00:00:00+00:00,143.82,145.37,136.14,137.29,3083070981.0
2025-03-27 00:00:00+00:00,137.29,140.17,135.92,138.35,2660348034.0
2025-03-28 00:00:00+00:00,138.35,138.95,127.98,129.42,3532896573.0
2025-03-29 00:00:00+00:00,129.42,130.38,123.07,124.59,2253256988.0
2025-03-30 00:00:00+00:00,124.59,126.62,123.3,124.64,1639017444.0
2025-03-31 00:00:00+00:00,124.64,127.7,123.08,124.69,3206702485.0
2025-04-01 00:00:00+00:00,124.7,130.03,123.95,126.68,2993289339.0
2025-04-02 00:00:00+00:00,126.68,135.7,117.74,117.76,5399672438.0
2025-04-03 00:00:00+00:00,117.75,120.79,112.48,117.06,4633002432.0
2025-04-04 00:00:00+00:00,117.06,123.9,113.6,122.79,5182517335.0
2025-04-05 00:00:00+00:00,122.79,122.79,117.19,120.26,1667996329.0
2025-04-06 00:00:00+00:00,120.26,120.93,104.0,105.71,3822458629.0
2025-04-07 00:00:00+00:00,105.71,111.47,96.59,106.9,8644174246.0
2025-04-08 00:00:00+00:00,106.91,112.3,103.14,105.51,5353641480.0
2025-04-09 00:00:00+00:00,105.51,120.47,101.43,119.06,7096350476.0
2025-04-10 00:00:00+00:00,119.06,119.08,108.6,112.8,4310698523.0
2025-04-11 00:00:00+00:00,112.81,122.4,112.19,121.53,3953610468.0
2025-04-12 00:00:00+00:00,121.53,133.76,119.66,132.26,4089397536.0
2025-04-13 00:00:00+00:00,132.26,133.51,125.52,128.58,3818650340.0
2025-04-14 00:00:00+00:00,128.58,135.19,128.23,129.31,4425565001.0
2025-04-15 00:00:00+00:00,129.31,134.19,126.14,126.26,3272094237.0
